# Resource object code (Python 3)
# Created by: object code
# Created by: The Resource Compiler for Qt version 6.9.1
# WARNING! All changes made in this file will be lost!

from PySide6 import QtCore

qt_resource_data = b"\
\x00\x00aS\
\x89\
PNG\x0d\x0a\x1a\x0a\x00\x00\x00\x0dIHDR\x00\
\x00\x02\x80\x00\x00\x02\x80\x08\x06\x00\x00\x00\x0c\xcd\xc9#\
\x00\x00\x10\x00IDATx\x01\xec\xdd\x09\xbc]W\
]\xf7\xff\xdf97\xb9In\xe64S\xd3\x90\xcet\
\x1e\xa9e\xb4R(\xa5\x82E\xac\x22\xa2>P\x81\xca\
\xdf\xd2\xfaG\xe1\xd1\xaaX\x11\xfb`_(>\x95B\
\xb4\x22\x0a\x8f\xc3#\xa0\xc8P\xa4\x8c\x05i\x81\xcet\
L\xd3\xa6S\x9a\xa4In\x93\xdc\x9b\xe1\xe6\x8e\xe7<\
w\xe7\x16\xfa\xbb\xbf\x9c\xacu\xf7]{\x9d\xb3\x87\x0f\
\xaf~O\xf7\xbak\xed\xb5\xd7z\xefK\xf8\xbd|-\
O\xea\xc2\x7f\x10@\x00\x01\x04\x10@\x00\x01\x04*%\
@\x01X\xa9\xd7\xcdf\x11@\x00\x81\x1f\x0b\xf0o\x04\
\x10\xa8\xb2\x00\x05`\x95\xdf>{G\x00\x01\x04\x10@\
\x00\x81J\x0aP\x00V\xf2\xb5Ol\x9aO\x04\x10@\
\x00\x01\x04\x10\xa8\xa6\x00\x05`5\xdf;\xbbF\x00\x01\
\x04\x10\xa8\xae\x00;G@(\x00\xf9%@\x00\x01\x04\
\x10@\x00\x01\x04*&@\x01X\xb1\x17\xcev\x118\
 \xc0\x07\x02\x08 \x80@\xa5\x05(\x00+\xfd\xfa\xd9\
<\x02\x08 \x80\x00\x02\x08TI\xe0\xc7{\xa5\x00\xfc\
\xb1\x04\xffF\x00\x01\x04\x10@\x00\x01\x04*\x22@\x01\
X\x91\x17\xcd6\x11@\x00\x81\x09\x01>\x11@\x00\x01\
\xe1\xff\x09\x84_\x02\x04\x10@\x00\x01\x04\x10@\xa0j\
\x02\xfc_\x00\xab\xf6\xc6E\x84-#\x80\x00\x02\x08 \
\x80@\xb5\x05(\x00\xab\xfd\xfe\xd9=\x02\x08 \x80@\
u\x04\xd8)\x02?\x11\xa0\x00\xfc\x09\x05\x17\x08 \x80\
\x00\x02\x08 \x80@5\x04(\x00\xab\xf1\x9e\xd9%\x02\
\x13\x02|\x22\x80\x00\x02\x08 0.@\x018\x8e\xc0\
?\x08 \x80\x00\x02\x08 \x80@\x99\x05\xec\xde(\x00\
\xad\x08m\x04\x10@\x00\x01\x04\x10@\xa0\xe4\x02\x14\x80\
%\x7f\xc1l\x0f\x01\x04\x10\x98\x10\xe0\x13\x01\x04\x10x\
^\x80\x02\xf0y\x0b\xae\x10@\x00\x01\x04\x10@\x00\x81\
J\x08P\x00V\xe25Ol\x92O\x04\x10@\x00\x01\
\x04\x10@ \x11\xa0\x00L\x14\x08\x02\xcf\x094\xb7\xfe\
\xc5\x5cg\xfa\xd6.n\x86d\xfb\xc7\xcfl:\xf37\
\xbf\xdd\xdc\x1e/\xc3O|\xe4\xd3Y\xa6\xb1\xf9\xba\x9b\
\x5c\x19\xdd\xf2\xd1[B2\xf8\xf4u\xeb\x5c\xe9\x7f\xfc\
\xaf\x9a!i\xf6\xaem\xb63\xcf\xfd\x9a\xf1/\x04\xda\
-\xc0\xf3\x108H\x80\x02\xf0 \x12~\x80\x00\x02\x08\
 \x80\x00\x02\x08\x94[\x80\x02\xb0\xdc\xef\x97\xdd!0\
!\xc0'\x02\x08 \x80\x00\x02J\x80\x02Pap\x89\
\x00\x02\x08 \x80\x00\x02\x08\x94I\xe0P{\xa1\x00<\
\x94\x0c?G\x00\x01\x042\x16\x08=o\x98\xf1r\x98\
\x0e\x01\x04*,@\x01X\xe1\x97\xcf\xd6\x11@\xa0\x0a\
\x02\xec\x11\x01\x04\x108X\x80\x02\xf0`\x13~\x82\x00\
\x02\x08 \x80\x00\x02\x08\x94Z\x80\x02\xb0\xd4\xafwb\
s|\x22\x80\x00\x02\x08 \x80\x00\x02Z\x80\x02Pk\
p\x8d\x00\x02\x08\xe4X \xf4\x0c\xa1\xef\xfe\x1co\x9d\
\xa5MO\x80\xbb\x108\xa4\x00\x05\xe0!i\xe8@\x00\
\x01\x04\x10@\x00\x01\x04\xca)@\x01X\xce\xf7\xca\xae\
\x10\x98\x10\xe0\x13\x01\x04\x10@\x00\x81\x16\x02\x14\x80-\
P\xf8\x11\x02\x08 \x80\x00\x02\x08 Pd\x01\xdf\xda\
)\x00}B\xf4#\x80\x00\x02\x15\x11\xf0\x9d\x11\xb4\xfd\
\x15aa\x9b\x08\x94R\x80\x02\xb0\x94\xaf\x95M!\x80\
\x00\x02\x08 \x80\x00\x02\x87\x16\xa0\x00<\xb4\x0d=\x08\
 \x80\x00\x02\x08 \x80@)\x05(\x00K\xf9Z'\
6\xc5'\x02\x08 \x80\x00\x02\x08 \xd0J\x80\x02\xb0\
\x95\x0a?C\x00\x01\x04\x10\xf0\x0a\xd83\x81i\xdb\xde\
\x070`\xba\x02\xdc\x87\x80W\x80\x02\xd0K\xc4\x00\x04\
\x10@\x00\x01\x04\x10@\xa0\x5c\x02\x14\x80\xe5z\x9f\xec\
\x06\x81\x09\x01>\x11@\x00\x01\x04\x10p\x08P\x00:\
p\xe8B\x00\x01\x04\x10@\x00\x01\x04\x8a$0\xd5\xb5\
R\x00NU\x8aq\x08 \x80\x80\x11\xd8s\xf3\xed\xa2\
c\xbaiz\x04|g\x06=\xb7\xd3\x8d\x00\x02\x01\x02\
\x14\x80\x01x\xdc\x8a\x00\x02\x08\xe4O\x80\x15!\x80\x00\
\x02~\x01\x0a@\xbf\x11#\x10@\x00\x01\x04\x10@\x00\
\x81R\x09P\x00\x96\xeauNl\x86O\x04\x10@\x00\
\x01\x04\x10@\xc0%@\x01\xe8\xd2\xa1\xcf+\xd0l6\
k\xee\xdc0\xb3\xd9\x8c\x98\xad\x1f\xfb\x95f\x86\x19\x1d\
\xaa_\xe3\xcaX\xdf\xc0\x0dA\x19\x18\xfa\xd0\x98#\xa3\
\x03\xfb/\x8d\x99\xaeY3\xce\xcb2\xcdz\xfd\x0cW\
\xeau9!$}\xbb\x06V\xb9\xf2\xa3;\x9f\x92\x90\
x\x7f\xc1\xcd\x00}\xde/\xb9\x9e\x7f\xfe\xb9\xa2c\x86\
\x1f\xd4L\xee\xd19h\x80\xf9\x81\x1e\x9b\x5c\x9b\xee\xd2\
79#\x98\xfa\x15s\x03\x02S\x16\xa0\x00\x9c2\x15\
\x03\x11@\x00\x01\x04\x10@\x00\x81r\x08P\x00\x96\xe3\
=\xb2\x0b\x04&\x04\xf8D\x00\x01\x04\x10@`\x0a\x02\
\x14\x80S@b\x08\x02\x08 \x80\x00\x02\x08 \x90g\
\x81\xb4k\xa3\x00L+\xc6x#\xf0\xa75\x11G\x9e\
\xec\xee\x92\x88i\xd4\xe5\xb4,So\xd6^\xe5\x8a4\
\xe5\xe2\x904\x1b\x8dW\xbbR\x93\xe6YQS\xaf\x1f\
U\xcb2\xb5\xda\xca\x9a#R\xab/\x0d\xc9\xd0\xd0\xe8\
\x02W\xb6>\xd3/!1\xbf\xcc\xde\xa6>\xef\x97\x5c\
{o0\x03\x92{t\x92s}\xae\x98\xdb\x0fj\xda\
{\x0f\x1aP\xf2\x1fpF\xb0\xe4/\x98\xedE\x15\xa8\
G\x9d\x9d\xc9\x11@\x00\x01\x04\xda$\xc0c\x10@\x00\
\x81\xa9\x0bP\x00N\xdd\x8a\x91\x08 \x80\x00\x02\x08 \
\x80@)\x04(\x00K\xf1\x1a'6\xc1'\x02\x08 \
\x80\x00\x02\x08 0\x15\x01\x0a\xc0\xa9(1\x06\x01\x04\
J)P[v\xb9\xe8\xb4{\x93\xfa<\xe0T\xae}\
\xebK{&\xd0\x8e\xf7\xb5}\xcf\xcf[\xbf\xef\x8c\xa0\
\xed\xcf\xdb\xfaS\xac\x87\xa1\x08\xa4\x16\xa0\x00LM\xc6\
\x0d\x08 \x80\x00\x02\x08 \x80@\xb1\x05(\x00\x8b\xfd\
\xfeX=\x02\x13\x02|\x22\x80\x00\x02\x08 \x90B\x80\
\x020\x05\x16C\x11@\x00\x01\x04\x10@\x00\x81<\x09\
Lw-\x14\x80\xd3\x95\xe3>\x04\x10@\xa0\xc3\x02\xbe\
s\x83\xbe\xe5\x85\xde\xef\x9b\xbfh\xfd\xf6L\xa0m\x17\
m?\xac\x17\x01\x97\x00\x05\xa0K\x87>\x04\x10@ \
\xf7\x02,\x10\x01\x04\x10H/@\x01\x98\xde\x8c;\x10\
@\x00\x01\x04\x10@\x00\x81B\x0bP\x00\x16\xfa\xf5M\
,\x9eO\x04\x10@\x00\x01\x04\x10@ \x8d\x00\x05`\
\x1a-\xc6\x22\x80@\xa9\x04\xae<\xe9\xe5\xa2\xa3\xbf\x13\
0\xb9.\xd5f\xa7\xb1\x19{F\xd0~O\xe04\xa6\
,\xf4-\xf6L\xa0mw`s<\x12\x81i\x0bP\
\x00N\x9b\x8e\x1b\x11@\x00\x01\x04\x10@\x00\x81b\x0a\
P\x00\x16\xf3\xbd\xb1j\x04&\x04\xf8D\x00\x01\x04\x10\
@`\x1a\x02\x14\x80\xd3@\xe3\x16\x04\x10@\x00\x01\x04\
\x10@\xa0\x93\x02\xa1\xcf\xa6\x00\x0c\x15,\xd8\xfd\xcd\xa7\
\xffj\xce\xa4\xec\xf8\xe8\x82f@\xe4\xe9%G\xbb2\
6\xb3\xff\x82\x98\xa9\x0d\x8d\x9c\x98e\x9a5Y\xe8N\
\xbd\xde\xacM?\xb5\x19\xf5\xba3]]R\x8b\x18\xa9\
\xd5\xa4\xad\x91\xb0\xff\x8c\x8e\x8e\x89+\xbb\xfb\x06$$\
\xd7\xaf\xbbUt\xc2V[\xfe\xbb\xed\x99\xc0\xb4;\xb6\
g\x08m\xdb7_\xda\xf1\xbe\xf9\xb2\xee\xb7g\x02m\
;\xeb\xe71\x1f\x02!\x02\x14\x80!z\xdc\x8b\x00\x02\
\x08tL\x80\x07#\x80\x00\x02\xd3\x17\xa0\x00\x9c\xbe\x1d\
w\x22\x80\x00\x02\x08 \x80\x00\x02\x85\x14\xa0\x00,\xe4\
k\x9bX4\x9f\x08 \x80\x00\x02\x08 \x80\xc0t\x04\
(\x00\xa7\xa3\xc6=\x08 P\x0a\x01\xfd\x1d\x80\xc9u\
)6U\xe0M\xd83~\xb6]\xe0\xad\x1dXz\x86\
g\x02\x0f\xcc\xc7\x07\x02!\x02\x14\x80!z\xdc\x8b\x00\
\x02\x08 \x80\x00\x02\x08\x14P\x80\x02\xb0\x80/\x8d%\
# \x10 \x80\x00\x02\x08 \x10 @\x01\x18\x80\xc7\
\xad\x08 \x80\x00\x02\x08 \x80@;\x05\xb2z\x16\x05\
`V\x92E\x99\xa7g\xc6a\xa2#\xf5\x17H@\xc6\
\xba\x9a\xe7\xbb\xd2l4?\x1c3\x8d\xe1\x91K\xb2L\
\xad^;\xd2\x95\xae\xee\x19\xdd!\xa9\xcf\x9c9\xc3\x99\
\xd9\xddR\x8f\x98Z\xbd.E\xca\xfe\x81\x11qe\xf3\
\xc6\x1d\x12\x12\xfd\x1d\x80\xc9uQ\xfek\x5c\xd4u\xda\
\xef\x11\x0cm\xfb\x1c\xf2~\x86\xd0\x9e\x09\xb4m\xdf\xfe\
\xe8G D\xa0\x1er3\xf7\x22\x80\x00\x02\x08\xb4[\
\x80\xe7!\x80\x00\x02\xe1\x02\x14\x80\xe1\x86\xcc\x80\x00\x02\
\x08 \x80\x00\x02\x08\x14J\x80\x02\xb0P\xafkb\xb1\
|\x22\x80\x00\x02\x08 \x80\x00\x02!\x02\x14\x80!z\
\xdc\x8b\x00\x02\x85\x16\xd8y\xede\xa2S\xe8\xcd\xb0x\
\xf1\x9d\xf9\xb3\xfd\xb6\x9d7\xc2\x16g\x02\xf3\xb6D\xd6\
S`\x01\x0a\xc0\x02\xbf<\x96\x8e\x00\x02\x08 \x80\x00\
\x02\x08LG\x80\x02p:j\xdc\x83@\xa7\x04x.\
\x02\x08 \x80\x00\x02\x19\x08P\x00f\x80\xc8\x14\x08 \
\x80\x00\x02\x08 \x80@L\x81\xac\xe7\xa6\x00\xccZ\x94\
\xf9\x10@\xa00\x02K\xae\xfa\x84\xe8\xd8\x85\xd7\x96]\
.:\xb6\x9fv\xbe\x04\xb2\xfe^A{F\xd0\xd7\x8e\
\xad\xc1\x99\xc0\xd8\xc2\xd5\x9a\x9f\x02\xb0Z\xef\x9b\xdd\x22\
\x80@a\x05X8\x02\x08 \x90\x9d\x00\x05`v\x96\
\xcc\x84\x00\x02\x08 \x80\x00\x02\x08\x14B\x80\x02\xb0\x10\
\xafib\x91|\x22\x80\x00\x02\x08 \x80\x00\x02Y\x08\
P\x00f\xa1\xc8\x1c\x08 PH\x81\x9b\xce{\x89\xe8\
\x5cy\xd2\xcbE\xa7\x90\x9bb\xd1\x99\x09\xf8\xce\x14f\
\xf6 \xffD-Gp&\xb0%\x0b?\x9c\xa2\x00\x05\
\xe0\x14\xa1\x18\x86\x00\x02\x08 \x80\x00\x02\x08\x94E\x80\
\x02\xb0,o\x92}\x94[\x80\xdd!\x80\x00\x02\x08 \
\x90\xa1\x00\x05`\x86\x98L\x85\x00\x02\x08 \x80\x00\x02\
\x08d)\x10k.\x0a\xc0X\xb2\xcc\x8b\x00\x02\xb9\x17\
\xb8\xe8\xbf\x7f(:\xd7\xaf\xbbUtr\xbf\x01\x16\xd8\
Q\x01{F\xd0~O`\xbb\x17\xc7\x99\xc0v\x8b\x17\
\xfby\x14\x80\xc5~\x7f\xac\x1e\x01\x04J/\xc0\x06\x11\
@\x00\x81\xec\x05(\x00\xb37eF\x04\x10@\x00\x01\
\x04\x10@ \xd7\x02\x14\x80\xb9~=\x13\x8b\xe3\x13\x01\
\x04\x10@\x00\x01\x04\x10\xc8R\x80\x020KM\xe6B\
\x00\x81B\x09\xe8\xef\xfcku]\xa8\xcd\xb0\xd8\xdc\x0b\
L\xe3\x8c`\xd0\x9e8\x13\x18\xc4W\xfa\x9b)\x00K\
\xff\x8a\xd9 \x02\x08 \x80\x00\x02\x08 0Y\x80\x02\
p\xb2\x07-\x04\xf2%\xc0j\x10@\x00\x01\x04\x10\x88\
 @\x01\x18\x01\x95)\x11@\x00\x01\x04\x10@\x00\x81\
\x10\x81\xd8\xf7R\x00\xc6\x16N9\x7f\xb3\xf7\xe3\xe7G\
\xcd\xc0\xe8'\x9b*\x8d}\xc3\xb7\x87DFF>\xe6\
Jmd\xe4\xa4\x98\xa9\xcf\x9f+Yf\xefHC\x5c\
\xd9\xb1gPB\xb2gpD\x5cI\xf9\xeb\xd2\xf1\xe1\
\x8fn\xd8.\xae\xdcv\xc7\x13\x12\x92\xbb\xee\xdd,\xae\
<\xf8h\x9f\x84D\x7f\xe7_\xab\xeb\x8e\x03\xb3\x80B\
\x09\xe4\xed{\x01-\x1eg\x02\xadH\xb5\xdb\x14\x80\xd5\
~\xff\xec\x1e\x01\x04r+\xc0\xc2\x10@\x00\x81x\x02\
\x14\x80\xf1l\x99\x19\x01\x04\x10@\x00\x01\x04\x10\xc8\xa5\
\x00\x05`._\xcb\xc4\xa2\xf8D\x00\x01\x04\x10@\x00\
\x01\x04b\x08P\x00\xc6PeN\x04\x10(\x84\xc0\xce\
k/\x13\x1d\xfb]\x80v\x13\xb5e\x97\x8b\x8e\xed\xa7\
\x8d\x80\x16\xb0g\x02m[\x8f5\xd7\x07\x9a\xb1\xbf7\
\x903\x81\x07\x98+\xfbA\x01X\xd9W\xcf\xc6\x11@\
\x00\x01\x04\x10@\xa0\xaa\x02\x14\x80U}\xf3\xec;\xdf\
\x02\xac\x0e\x01\x04\x10@\x00\x81\x88\x02\x14\x80\x11q\x99\
\x1a\x01\x04\x10@\x00\x01\x04\x10H#\xd0\xae\xb1\x14\x80\
\xed\x92\xe69\x08 \x90;\x81?\xf9\xf4C\xa2c\x17\
\xc8\x99@+B\xbb\x93\x02\x9c\x09\xec\xa4~\xf9\x9eM\
\x01X\xbew\xca\x8e\x10@\xa0\xd0\x02,\x1e\x01\x04\x10\
\x88/@\x01\x18\xdf\x98' \x80\x00\x02\x08 \x80\x00\
\x02\xb9\x12\xa0\x00\xcc\xd5\xeb\x98X\x0c\x9f\x08 \x80\x00\
\x02\x08 \x80@L\x01\x0a\xc0\x98\xba\xcc\x8d\x00\x02\xb9\
\x16h\xf5\xf7\xff\xba~\xe6\xdb\x8c\xfe\x8e\xc0\xe4\xda7\
\x9e~\x04\x8c\xc0\xa4f\xda\xef\x0d\x9cts\x06\x0d\xbe\
'0\x03\xc4\x1cOA\x01\x98\xe3\x97\xc3\xd2\x10@\x00\
\x01\x04\x10@\x00\x81\x18\x02\x14\x801T\x99\x13\x81\xe9\
\x0ap\x1f\x02\x08 \x80\x00\x02m\x10\xa0\x00l\x032\
\x8f@\x00\x01\x04\x10@\x00\x01\x04\x5c\x02\xed\xee\xa3\x00\
l\xb78\xcfC\x00\x81\xc2\x0a\xbc\xf7\xdaO\x88N\x7f\
\x7f\xbf\xe8\xd8\x8d%\xe7\x00ul?m\x04\xd2\x08\xd8\
3\x81\xb1\xbf\x17\xd0\xae\x8d3\x81V\xa4\xd8m\x0a\xc0\
b\xbf?V\x8f\x00\x02\xa5\x11`#\x08 \x80@\xfb\
\x04(\x00\xdbg\xcd\x93\x10@\x00\x01\x04\x10@\x00\x81\
\x5c\x08P\x00\xe6\xe25L,\x82O\x04\x10@\x00\x01\
\x04\x10@\xa0\x1d\x02\x14\x80F\xb9\xd9\xbca\xa63}\
k\x177cfx\xf4\xcaf\xcc4\xe5\xc4\xa6\x8a4\
\x9b\xdd!\xa9u\xd5g\xb8R\x9f3[b\xc6\xbc\xbe\
\xe0\xe6}w=%\xae|\xfdK\xf7JH\xbe\x7f\xf3\
\xc3\xe2\xca#\x0f?#1s\xe3\xd7\x1e\x91,\xf3\x9f\
\xdf\xda\x22\xae\xfc\xfb\xb7\x9f\x95\x90\xfc`\xfd\x98\xb82\
\xbc\xe8H\x09\x89>\xcf\x97\x5c\xdb_\xa0e\xabO\x13\
\x9d\x8f\x5cu\x99\xe8|\xf0o>+:\xf6~_[\
\x9f\x0flu\xed\xbb\xbf\xec\xfd\xadL\x5c?+\xb0\xc7\
\xb4\x96\xce\x99\xc0i\xb1q\xd3s\x02\x14\x80\xcfA\xf0\
/\x04\x10@\x00\x01\x04\x10@\xa0*\x02\x14\x80Uy\
\xd3\xec3\xdf\x02\xac\x0e\x01\x04\x10@\x00\x816\x0aP\
\x00\xb6\x11\x9bG!\x80\x00\x02\x08 \x80\x00\x02Z\xa0\
S\xd7\x14\x80\x9d\x92\xe7\xb9\x08 P8\x81\x9e\xb9G\
\x89\x8e>\x0f\x98\x5c'\xe7\x08u\xec\x06\xed\xf9\xb5\xc1\
\xbb\xaf\x15\x1d;\x9e6\x02i\x04\xd2\x9e\x09\xcc\xfa{\
\x04\xf9\x9e\xc04o\xab\xf3c)\x00;\xff\x0eX\x01\
\x02\x08TZ\x80\xcd#\x80\x00\x02\xed\x17\xa0\x00l\xbf\
9OD\x00\x01\x04\x10@\x00\x01\x04:*@\x01\xd8\
Q\xfe\x89\x87\xf3\x89\x00\x02\x08 \x80\x00\x02\x08\xb4S\
\x80\x02\xd0j?\xd9\xdd%\xae\x8c\x8c\xcd\x91\x88i\x8a\
\xbc8f\xc6\xb7\xbb\xccd\xc6x{\xfa\xa9\xd5\xbb\xc4\
\x91\xda\xcc\x19\x125\xb5\x9a\xd4j\xd9e\xdb\x96~q\
\xe5\xf1G\xb6IH6>\xb1C\x5c\xd9\xf9\xec^\x89\
\x99G\x1f\xdb!Y\xe6\xe1\xc7\xf7\x88+\xeb\x9e\x18\x90\
\x90<\xbd\xa3!\xae\x8c\xcdY$!\x19\xff\xddw\xfe\
\xd3\xbb\xe9~\xd1\x99\xbbx\xbe\xe8\xe8\xef\x08L\xae\x93\
s\x80:\xfa<`rm\x1f6\xfb\xec\xabD\xc7\xf6\
\xdb3\x83\xb6\x9fv\xe1\x05\xa2n\xc0\x9e\x09\xb4\x0f\xf3\
\xf5\xdb\xf1i\xdb\x9c\x09L+\xd6\xde\xf1\x14\x80\xed\xf5\
\xe6i\x08 \x80\x00\x02\x08 \x80@\xc7\x05(\x00;\
\xfe\x0aX@\xa5\x05\xd8<\x02\x08 \x80\x00\x02\x1d\x10\
\xa0\x00\xec\x00:\x8fD\x00\x01\x04\x10@\x00\x81j\x0b\
tz\xf7\x14\x80\x9d~\x03<\x1f\x01\x04r#\x90\x9c\
\xd3\xd3\xc9zaz\xee\xe4:\xed\xfc\xf6L\xa0\xaf\x9d\
v\xfeN\x8f\xb7\xfb\xb1\xeb\xb9\xe9\xbc\x97\x88\xce\xcek\
/\x13\x1d;\x9ev:\x81\xac\xbf\x17\xd0>\x9d3\x81\
V\xa4\xb3m\x0a\xc0\xce\xfa\xf3t\x04\x10\xa8\xac\x00\x1b\
G\x00\x01\x04:'@\x01\xd89{\x9e\x8c\x00\x02\x08\
 \x80\x00\x02\x08tD\x80\x02\xb0#\xec\x13\x0f\xe5\x13\
\x01\x04\x10@\x00\x01\x04\x10\xe8\x84\x00\x05`'\xd4y\
&\x02\x08\x14R\xe0\xadW\xfc\xb6\xe8d\xbd\x89\x93\xce\
\xbfTt\x92\xef\x16\xd4I\xfb<{\xa6\xce\xd7N;\
\x7f\xec\xf1\xfa\xbc_r}\xee\xebN\x13\x9d%W}\
Btb\xaf'\xc3\xf9s9U\xec\xef\x05\xcc\xe5\xa6\
+\xbc(\x0a\xc0\x0a\xbf|\xb6\x8e\x00\x02\x08 \x80\x00\
\x02\xd5\x14\xa0\x00\xac\xe6{g\xd7\x9d\x16\xe0\xf9\x08 \
\x80\x00\x02\x08tP\x80\x02\xb0\x83\xf8<\x1a\x01\x04\x10\
@\x00\x01\x04\xaa%\x90\x97\xddR\x00\xe6\xe5M\xb0\x0e\
\x04\x10(\x9c\x80>\x0f\x98\x5c\xeb\xf3z\xc9\xf5G\xae\
\xbaLt\xec\x06\xdf{\xed'Dg\xdd\xcd\x9f\x12\x9d\
\xa5\xc7\xbfHt\x929u\xec|\xbe\xb6\xfe\xce\xbc\xe4\
\xda\x8e\xf7\x9d\x11<\xe6\x95\xff.:v\xfc\xd7~\xf1\
\xff\x88\x8e\xed\xf7\xb5\x935\xe9\xe8\xf3~\xc9u\xcf\x85\
\xc7\x8a\x8e]?\xedl\x05\xf8^\xc0l=\xf36\x1b\
\x05`\xde\xde\x08\xebA\x00\x81\x92\x0b\xb0=\x04\x10@\
\xa0\xf3\x02\x14\x80\x9d\x7f\x07\xac\x00\x01\x04\x10@\x00\x01\
\x04\x10h\xab\x00\x05`[\xb9'\x1e\xc6'\x02\x08 \
\x80\x00\x02\x08 \xd0I\x01\x0a@\xab\xdf\xb5w\x898\
26<vN\xcc4F\xc7fGM\xa3\xd9\xd5P\
i6\x9b\x12\x92\xf1\x9b\xc5B\x87\x80(\x00\x00\x10\x00\
IDAT\x95\xe6XC\x8a\x94\x99s\xba\xc5\x95\xd9\
\x0bz$$\xfbGE\x5c\xb9\x7f\xdd\xb3\x123[v\
\x8cI\x96\x19\x18\x12q\xa5\xd1\xa8IH\xc6\xc6\x9a\xe2\
\xca\xc8\xd0\x90\x84\xc4\xfe\xd7\xdf\xd7\xd6\xe7\xf9\x92k\xdf\
\xf8\xb4\xfd=s\x8f\x12\x1d}\x1e0\xb9\xd6\xe7\x01\x93\
k}\x1e0\xb9\xf6=O\x7fg^r\xad\xcf\xdbM\
\xe5\xfa\x89\x07\xbf-:\x83w_+:\xaf\xbc\xee\x8d\
\xa2c\xe7\xd4c[]\xdb\xf5'k\xd4\x99}\xf6U\
\xa2\xd3\xec]+:\xf6\xfe\x1c\xb6\x0b\xb5$\xfb\xbd\x80\
\x9c\x09,\xd4\xeb\xf3.\x96\x02\xd0K\xc4\x00\x04\x10@\
\x00\x01\x04\x10@\xa0\x5c\x02\x14\x80\xe5z\x9f\xec&\xef\
\x02\xac\x0f\x01\x04\x10@\x00\x81\x1c\x08P\x00\xe6\xe0%\
\xb0\x04\x04\x10@\x00\x01\x04\x10(\xb7@\xdevG\x01\
\x98\xb77\xc2z\x10@\xa0c\x02\xff\xe7c\x1f\x15\x9d\
\xe4\x5c\x9dN\xda\x85\xe9\xf3|\xc9urnP\xc7\xce\
\xf7[\x7f\xfcG\xa2s\xd2\xf9\x97\x8aNr\x0eP'\
9\x07\xa8\xa3\xd7\x9a\x5c\xdb\xf9m[\x9f\xaf\x9b\xca\xb5\
\xbd_\x9f\xc7kum\xe7l5F\xff\xcc\x8e\xb7\xcf\
\xd3\xe7\xfd\x92k\xdbO\xbb\xbd\x02\x9c\x09l\xafw\xd6\
O\xa3\x00\xccZ\x94\xf9\x10@\x00\x81\x96\x02\xfc\x10\x01\
\x04\x10\xc8\x8f\x00\x05`~\xde\x05+A\x00\x01\x04\x10\
@\x00\x01\x04\xda\x22@\x01\xd8\x16\xe6\x89\x87\xf0\x89\x00\
\x02\x08 \x80\x00\x02\x08\xe4A\xa0\xf4\x05`\xb3\xd9\xac\
\xa5\x89\xc8\xc8\xb1\xae\xd4\x1b\xf2[1S\x1b\x1b[\x12\
5\x8dFwME\x9a\xe3\xbf\x86\x01\xf1~\xc7\xdf\xc8\
\xa84cft|\xfe\x0c3w\xf1|qe\xf1\xea\
\xe5\x12\x92\x1d\xfbk\xe2\xca\xbf~\xfea\x89\x99\xbb\x1e\
\x1d\x91,\xb3s\xb7\x88+\x8d\xc6\x0c\x09\xc9\xc8pC\
\x5c\x19\xd8\xbbGB2\xfe\xdb\x1f\xf4\x8f>\xcf\x97\x5c\
'\x7f\x1f\xb0\x8e>\xcf\x97\x5c\xdb\x87%\xf7\xe8\xd8~\
\xdbN\xce\x11\xea\xe8\xf3\x80\xc9\xb5>\x0f\x98\x5c\xeb\xf3\
\x83\xc9ur.P\xc7\xce\x9f\xf7\xb6\xfd\xbb\x84\xf3\xbe\
^\xb5\xbeR\x5c\xda\xef\x05\xb4\x9b\x8a}&\xd0>\x8f\
v\x98@\xe9\x0b\xc00\x1e\xeeF\x00\x01\x04\x10@\x00\
\x01\x04\xca'@\x01X\xbew\xca\x8e\xf2(\xc0\x9a\x10\
@\x00\x01\x04\x10\xc8\x91\x00\x05`\x8e^\x06KA\x00\
\x01\x04\x10@\x00\x81r\x09\xe4u7\x14\x80y}3\
\xac\x0b\x01\x04\xa2\x0b\x5c\xfd[\xbf,:\x1b\x1e\xbcE\
\x5c\xe9\xef\xef\x17W\xf4\x5c\xad\xae]\xf7&}\xf6\x9e\
\x1f~\xe1\xafE\xe7\x99-\xf7\x8a\xce9\xe7\xff\x0f\xd1\
\xd1c[]\x1fy\xfc\x99\xa2\x93<\xb3\x9d\xb1/\xd4\
>\xdb\xf6\xdbv\xf2\xdd\x7f:\xb6\x9fv{\x05|g\
\x02\xb3^\xcd\xf8\xbbo\xead=\x7f\xd5\xe6\xa3\x00\xac\
\xda\x1bg\xbf\x08 \xd0f\x01\x1e\x87\x00\x02\x08\xe4O\
\x80\x020\x7f\xef\x84\x15!\x80\x00\x02\x08 \x80\x00\x02\
Q\x05(\x00\xa3\xf2NL\xce'\x02\x08 \x80\x00\x02\
\x08 \x90'\x01\x0a\xc0<\xbd\x0d\xd6\x82\x00\x02m\x15\
x\xf5\x1b\xaf\x90\x22\xe7\xce\x9b\xffIt|{\xb1\xb8\
\x0b\x17.\x94v\xc6\xf7|\xdb\xdf\xec]+:\xb6\xbf\
\x00\xedJ/1\xf6\xf7\x02\x8e\xffnp&0\xe07\
\x8c\x020\x00\x8f[\x11@\x00\x01\x04\x10@\x00\x81\x22\
\x0aP\x00\x16\xf1\xad\xb1\xe6\xe2\x08\xb0R\x04\x10@\x00\
\x01\x04r(@\x01\x98\xc3\x97\xc2\x92\x10@\x00\x01\x04\
\x10@\xa0\xd8\x02y_=\x05`\xde\xdf\x10\xebC\x00\
\x81h\x02\xfa\xfc\xdcT\xaewl\xdf,\xed\x8coM\
\x16\xc6\x8eO\xdbo\xc7\xfb\xdaW\x9e\xf4rq\xe5\xe8\
S^%:\xbe\xf9\x9a\x9c\xf9\xf3\x11\xe5\xba\xbf\xdd\xdf\
\x0b\x98k\x8c\x02,\x8e\x02\xb0\x00/\x89%\x22\x80@\
\x11\x05X3\x02\x08 \x90_\x01\x0a\xc0\xfc\xbe\x1bV\
\x86\x00\x02\x08 \x80\x00\x02\x08D\x11\xa0\x00\x8c\xc2:\
1)\x9f\x08 \x80\x00\x02\x08 \x80@\x1e\x05(\x00\
\xf3\xf8VX\x13\x02\x08\xe4R\xe0\x89\x07\xbf-\xedL\
(\x82\xefL`\xe8\xfc\xd7\xaf\xbbUt^\xbflL\
t\xfe\xe6\xb0\x01\xd1\xb1\xe7\x05C\x9f\x9f\xe3\xfbYZ\
\x0b\x01\xbe\x17\xb0\x05J\x07\x7fD\x01\xd8A|\x1e\x8d\
\x00\x02\x08 \x80\x00\x02\x08tB\x80\x02\xb0\x13\xea<\
\xb3\xfc\x02\xec\x10\x01\x04\x10@\x00\x81\x1c\x0bP\x00\xe6\
\xf8\xe5\xb04\x04\x10@\x00\x01\x04\x10(\x96@QV\
K\x01X\x947\xc5:\x11@\x00\x81\x9c\x09\xec\xbc\xf6\
2\xd19\xf7u\xa7\x89+9[>\xcb)\xb9@\xb3\
w-\x7fW\xb0\xe3\x1dS\x00:p\xe8B\x00\x01\x04\
\xd2\x0bp\x07\x02\x08 \x90\x7f\x01\x0a\xc0\xfc\xbf#V\
\x88\x00\x02\x08 \x80\x00\x02\x08d*@\x01\x98)\xe7\
\xc4d|\x22\x80\x00\x02\x08 \x80\x00\x02y\x16(|\
\x01\xd8\xdc\xf1\xb7'\xbb\x22\xcf\xfe\xcdyi\xd2h6\
_\xe5\xcc\xf0\xf0E\x8d\x88\xe9\x9a?Wb\xa6>g\
\xb6L\xca\xacn\xa9\x07\xa4Q\xab\x89+\xfb\xf6\xee\x97\
\x98\xd9\xd4\xbbW\xb2\xcci\xa7,\x17W~\xe1\xf5'\
HH\xde\xf9\xd63\xc4\x95\x0f_\xf3J\x89\x99Y\x0f\
\xde!Yf\xdf\xed\xdf\x15Wv\xdc\xfa\x0d\x09\x89\xdc\
\xfb}q\xe5\x85\xdb\x1f\x93\x90H\xe0\x7f\xec\xf7\xda\xd9\
v\xda\xe9\xed\xfd\xb1\xdbv}M\xf3w\xf1\xfa\xda\x8b\
\xdfq\x96\xa4\xc9G\xff\xfb\xd7D\xc7\xceo\xd7S\xc0\
6KV\x02\xf3\xcf?WtT\x17\x979\x10(|\
\x01\x98\x03C\x96\x80\x00\x02\x08 \x80\x00\x02\x08\x14J\
\x80\x02\xb0P\xaf\x8b\xc5\xe6^\x80\x05\x22\x80\x00\x02\x08\
 P\x00\x01\x0a\xc0\x02\xbc$\x96\x88\x00\x02\x08 \x80\
\x00\x02\xf9\x16(\xda\xea(\x00\x8b\xf6\xc6X/\x02\x08\
\xe4F\xe0\xfau\xb7\x8a+i\x17\xea\x9a+F_\xda\
\xf51\x1e\x81\x10\x01}\x1e0\xb9\x8e\xfdw\x03\xdb\xb5\
6\xf9^\xc0I$\x14\x80\x938h \x80\x00\x02\xd3\
\x15\xe0>\x04\x10@\xa08\x02\x14\x80\xc5yW\xac\x14\
\x01\x04\x10@\x00\x01\x04\x10\xc8D\x80\x020\x13\xc6\x89\
I\xf8D\x00\x01\x04\x10@\x00\x01\x04\x8a @\x01X\
\x84\xb7\xc4\x1a\x11@ \x8a@\xe8\xf7\xec\xd9E\xf9\xe6\
K;>\xf6|v=\xb4\xa7-\xc0\x8d\x08\x14N\x80\
\x02\xb0p\xaf\x8c\x05#\x80\x00\x02\x08 \x80\x00\x02a\
\x02\x14\x80a~\xdc\x8d\xc0\x84\x00\x9f\x08 \x80\x00\x02\
\x08\x14H\x80\x02\xb0@/\x8b\xa5\x22\x80\x00\x02\x08 \
\x80@\xbe\x04\x8a\xba\x1a\x0a\xc0\xa2\xbe9\xd6\x8d\x00\x02\
\xc1\x02\xd7\xfc\xc2\xf1\x92&\xbe\x07\xda\xb9|\xe3\xcf\x98\
\xb1[\x5c\xb1\xf3\xd9\xb6\x9d\xdf\xf6\xdb\xb6\x1dO;\x9d\
@m\xd9\xe5\xe2J\xba\xd9\xca?\xba\xdd\xdf\xf3\x97V\
\xb4\xea\xdf\x0bH\x01\x98\xf67\x86\xf1\x08 \x80\xc0$\
\x01\x1a\x08 \x80@\xf1\x04(\x00\x8b\xf7\xceX1\x02\
\x08 \x80\x00\x02\x08 \x10$@\x01\x18\xc47q3\
\x9f\x08 \x80\x00\x02\x08 \x80@\x91\x04(\x00\x8b\xf4\
\xb6X+\x02\x08\xe4Z\xe0s_\xbeKtB\x17\xab\
\xe7jum\xe7o5F\xff\xcc\x9e7\xb4\xf7\xd3N\
-\xc0\x0dJ\xc0w\xe6/\xb4_=\x8a\xcb\x0c\x04(\
\x003@d\x0a\x04\x10@\x00\x01\x04\x10@\xa0H\x02\
\x14\x80Ez[\xac5\x7f\x02\xac\x08\x01\x04\x10@\x00\
\x81\x02\x0aP\x00\x16\xf0\xa5\xb1d\x04\x10@\x00\x01\x04\
\x10\xe8\xac@\xd1\x9f^\xf8\x02plh\xe8E\xae4\
F\x86/N\x93f\xad\xf6\x22W\xa4>N\x163\xb1\
\x7f\xa3\xec\xda\xbb\xc6\xf7\x13\x90Q\xa9\x89+{\x87\x1b\
\x123_\xfd\xd2C\x92e\xbe0>\x9f+\xff\xfe\xa5\
\x07%$_\xb8\xe9Qq\xe5\xa6\xff\xde\x221\xb3\xe4\
\xe4\xe3$\xcb\x1c~\xea\xf1\xe2\xca\xea\xd3^(!\x99\
w\xcc\x91\xe2Jo\xcf\x02\x09\xc9\xc2\x0f}J\xd2\xe4\
\xfau\xb7\x8a\x8e\xfd\xaf\xeb;\xef\xbf_t\xf4\xd8\xe4\
\xda7^\xdf;\x95\xeb\xd0\xf9\xec\xfd\xae\xef\xb8k\xd5\
g\xef/[\xdb\xee\xb9l\xfb\xcb\xfb~|g\x06\xf3\
\xbe\xfe\xbc\xafo\xfc\x7f\xfd\xf3\xbeD\xd6\x87\x00\x02\x08\
\xe4Q\x805!\x80\x00\x02\xc5\x15\xa0\x00,\xee\xbbc\
\xe5\x08 \x80\x00\x02\x08 \x80\xc0\xb4\x04(\x00\xa7\xc5\
6q\x13\x9f\x08 \x80\x00\x02\x08 \x80@\x11\x05(\
\x00\x8b\xf8\xd6X3\x02\x08d\x22\xf0\xc0\xbb/\x152\
u\x83L\xd0#N\x92\xf6\xcc\x9e\x1do\xdbv\xa97\
\x9d\xf7\x12y.\x07\xfem\xfb}\xf7\xdb\xf1yo\xe7\
\xed\x0c^\xec\xf54{\xd76u\xf2\xfe~B\xd7G\
\x01\x18*\xc8\xfd\x08 \x80\x00\x02\x08 \x80@\xc1\x04\
(\x00\x0b\xf6\xc2XnN\x04X\x06\x02\x08 \x80\x00\
\x02\x05\x16\xa0\x00,\xf0\xcbc\xe9\x08 \x80\x00\x02\x08\
 \xd0^\x81\xb2<\xad\xf0\x05`m\xac\xb9\xca\x99\x86\
\x9cPK\x13\xa9\xad\xaa\xb9R\x1f\xef\x8d\x98\xd8\xbfX\
\xb5\x83\xd6^\x97Z}\xfaiJM\x5c\x19i4%\
f6\xac\xef\x95,\xf3\xf0#\xbd\xe2\xca\xba\xf1\xfe\x90\
\xac\xdf\xb0S\x5c\xd9\xb0q\x8f\xc4\xcc\x9c\xe5K$\xcb\
\xcc_q\x98\xb8\xb2p\xc5R\x09\xc9\xac\xc5\x0b\xc5\x95\
\x81\xeeY\x12\x92S?\xfe)!S7\x88\xfd\xe7\x93\
\x9d\xdf\x9e\xa9\xf3\xb5\xd3\xdeo\xc7\xdb\xf6\xcek/\x13\
\x9d\x8b\xfe\xfb\x87\xa2c\xc77{\xd7\x8a\x8e\xed/[\
;\xf6\x99\xbc\xb2y\xe5m?\xf5\xbc-\x88\xf5 \x80\
\x00\x02\xf9\x16`u\x08 \x80@\xf1\x05(\x00\x8b\xff\
\x0e\xd9\x01\x02\x08 \x80\x00\x02\x08 \x90J\x80\x020\
\x15\xd7\xc4`>\x11@\x00\x01\x04\x10@\x00\x81\x22\x0b\
P\x00\x16\xf9\xed\xb1v\x04\x10\x08\x12x\xd3\xbb\xffH\
\x5c\xb1\x93\xf7\xf7\xf7\x8b\x8e\xaf_\x8f\x9d\xca\xb5o>\
\xbbV\xdfx\xdf3}\xf7\xdb~\xdb\xb6g\xf2|\xfd\
v\xbc\xaf\xad\xbfs/\xb9\xd6\xe7\xf1\xa6r=x\xf7\
\xb5\xa2c\xef\xd1}\xc9\xb5\xed\xb7\xfb\x11\x91I?\xd2\
\xe7\xfd\x92\xebI\x9dmh\xd83xY\xb7\xed\x16\xec\
\xfc\xb6\xbf\xdd\xed\xbc\xad\xa7\xdd\xfb\x0f}\x1e\x05`\xa8\
 \xf7#\x80\x00\x02\x08 \x80\x00\x02\x05\x13\xa0\x00,\
\xd8\x0bc\xb9\x1d\x16\xe0\xf1\x08 \x80\x00\x02\x08\x94@\
\x80\x02\xb0\x04/\x91- \x80\x00\x02\x08 \x80@\x5c\
\x81\xb2\xcdN\x01X\xb67\xca~\x10@`\xca\x02\xcf\
l\xdf':\xbe\x1b\xdf\xf9\x87\x1f\x16\x1d;~\xe1\xc2\
\x85\xa2\xa3\xc7N\xe5\xda7\x9f\xed\xb7g\x02\xf5\xb3\x93\
\xeb\xd7\xbf\xf3O\xc4\x95W\xbc\xe9=\xa2\x93\xdc\xa3c\
\x9fg\xdb\x87\xbf\xf0\xb5\xa2c\xcf\xf4\xd9\xf1\xc99;\
\x1d\xdf\x99\xbbW^\xf7F\xd1Yr\xd5'D\xa7\xe7\
\xc2cEG\xf7%\xd7\xdfy\xcf\x17DG\x8fM\xae\
g\x9f}\x95\xe8$\xf7\xb8b\xf7\xd3\xe9\xf6\xfc\xf3\xcf\
\x95\x90\xc4^\xff\xcceK$f\xec\xfa\xb3>\x13\xd8\
,\xf9\xdf\x0dL\x01h\x7f\x83h#\x80\x00\x02-\x05\
\xf8!\x02\x08 P\x1e\x01\x0a\xc0\xf2\xbcKv\x82\x00\
\x02\x08 \x80\x00\x02\x08LI\x80\x02pJL\x13\x83\
\xf8D\x00\x01\x04\x10@\x00\x01\x04\xca @\x01X\x86\
\xb7\xc8\x1e\x10@ \x8a\x80>\xdf\x96\x5c\x7f\xee\xe3\xff\
Kt\xec\x19<\xdb\xd6c\x93k}\xde0\xb9\xb6\x8b\
\xb6\xf7\xdb\xfed\x0e\x9dd\x0e\x1d{\xff-\x9f\xbbN\
\x5cy\xec\xdeu\xa2\xa3\xcf\x03&\xd7\x7f\xf1\xc9\xcf\x88\
+v}\x89\x91+\xfa\xbc]r\x9d\x9c\xc3\xd3\xb1\xf3\
%ct\xd2\xf6\xeb\xbf\xb77\xb9\xd6s%\xd7v>\
G\xfb@W\xb3w\xad\xe8\x1c\xf8a\x81>|g\xe4\
\xecy=\xdf\xd6\xecx\xdb\xf6\xddO\x7fg\x05(\x00\
;\xeb\xcf\xd3\x11@\x00\x01\x04\x10@\x00\x81\xb6\x0bP\
\x00\xb6\x9d\x9c\x07\x16R\x80E#\x80\x00\x02\x08 P\
\x22\x01\x0a\xc0\x12\xbdL\xb6\x82\x00\x02\x08 \x80\x00\x02\
\xd9\x0a\x94u\xb6\xe8\x05`\xb3y\xc3\xcc\x98i\x8c\x8e\
.rfdty#E\x9a\xa3\xa3\x0b=\x91\xf1\xfe\
h)\xda/ZWW]\x5c\xe9\x99\xd3-1s\xe4\
\xd1K%\xcb\xcc\x99=K\x5ci\x8c\xd6$$\x83\x03\
#\xe2J\xef\xf6>\x89\x99\xfe]{%\xdb\xec\x1b\x9f\
\xef\xd0\xe9\x1b\x7f^H\xf6\xee\xd9/\xae\x0c\x0f\x8dH\
H\xec\x7f\xdf\xf4y\xba\xe4\xfa\x15\xaf9Gt\xec\xf9\
6}\x1e/\xb9\xb6\xf3\xd9\xb6=\x8f\x97<C\xc7\x8e\
\xb7\xcf\xb3\xfd\xbe\xf9\xec\x99@{\xff3\x8f|Mt\
l\xff\x17o\xfa\x81\xe8\xfc\xcfw\xbcYt~\xf7\xf7\
\xdf.\xae\xd8\xf9\xec~\x92sx:\xbe\xf1\xf6~\xdb\
\xb6\xe7\x15\xed\xfe\xd3\xb6\xedz\xca\xd6\xf6\x9d\xd9\xb3\xfd\
\xb6\xddi\x8fv\xaf\xa7Y\xb2\xef\x05\x8c^\x00v\xfa\
\x17\x84\xe7#\x80\x00\x02a\x02\xdc\x8d\x00\x02\x08\x94O\
\x80\x02\xb0|\xef\x94\x1d!\x80\x00\x02\x08 \x80\x00\x02\
N\x01\x0a@'\xcfD'\x9f\x08 \x80\x00\x02\x08 \
\x80@\x99\x04(\x00\xcb\xf46\xd9\x0b\x02\x08\xa4\x12\xf8\
\xca\xdf\xff\xa9\xb8\xf2\xf7\x1f\xfa=\xd1y\xf8\x8e\xcf\x8a\
\x8e}\x98\x1e\x9b\x5c\xf7\xf7\xf7\x8b\x8e\x1do\x9f\x9d\xdc\
\xa3\xa3\x9f\x95\x5c\xeb\xb9\x92\xeb\xb4\xf3%\xf7\xe8\xd8\xfb\
\x0f_>W\x5c\xb1g\xe8n\xbf\xfb>\xd1\xd1\xe7\x03\
\x93k}~\xb2\xd5\xb5\x9d\xcf\x9e\xe9\xb3\xeb\xb3m}\
~1\xb9\xd6kI\xae\xed\xf8s\xcf>]\x5cI\xce\
q\xea4{\xd7\x16\xfa{\xff\xec\xfe\xdb}f\xce>\
\x9fv\xbe\x04(\x00\xf3\xf5>X\x0d\x02\x08 \x80\x00\
\x02\x08 \x10]\x80\x020:1\x0f(\xb4\x00\x8bG\
\x00\x01\x04\x10@\xa0\x84\x02\x14\x80%|\xa9l\x09\x01\
\x04\x10@\x00\x01\x04\xc2\x04\xca~w\xfc\x02p\x97\xf4\
H\xc4\xd4\x86\x87\x8fqE\x86GNK\x93\xe6\xe0\xf0\
\x1aWdpH\xa2\xa6`\xbfq\xb3f\xcd\x10W\x96\
\x1e6Ob\xe6\xbcW\x9d(Y\xe6\xb0\xc5\x0b\xc5\x95\
\xb1\xc1\xba\x84\xa4\xef\xd9\xfd\xe2\xca\xba\x076J\xccl\
|b\x9bd\x99\xa7\x9e\xd8*\xael|r\x9b\x84d\
\xeb\x96\x1d\xe2\xca\xc0\x9e\xfd\x12\x925G\xbeLB\xb2\
p\xd1)\xa2\xe3\x9bK\x8fM\xae}\xe3}\xfd\xc9\x1c\
:\xbe\xf1\xb6\xdf\xfeq\xf3\xf5\x7f\xf9\x82\x84D\xaf%\
\xb9N;\xd7\xc0\xf6M\xa2\x93\x9c\xebs\xc5\xb7~}\
\x9e/\xb9N\xce%\xba\xd2\xcc\xd9\xdf\xf5;\xf8\xc0\x06\
q\xc5\xee\xdf56\xe9\xb3\xe3\xcb\xd6\xb6g\x1c\xf7\xdc\
|\xbb\xe8\x94m\xbf\xa1\xfb\x89_\x00\x86\xae\x90\xfb\x11\
@\x00\x81\x8e\x08\xf0P\x04\x10@\xa0\xbc\x02\x14\x80\xe5\
}\xb7\xec\x0c\x01\x04\x10@\x00\x01\x04\x10h)@\x01\
\xd8\x92e\xe2\x87|\x22\x80\x00\x02\x08 \x80\x00\x02e\
\x14\xa0\x00,\xe3[eO\x08 0%\x81\xfe\xbe\x07\
\xa5\xca\xb1Hi-\xde\xff\x91\xabE\xc7\xde\xaf\xfb\xa6\
sm\xd7\xe7k\xdb\xe7\xfb\xc6;\xce\xfc\xf9n\xcd\xa4\
_\x9fOK\xae\x93sz:\x99<\x84I\xa2\x09\x8c\
\xff\xfe4u\xa2=(\xd2\xc4\x14\x80\x91`\x99\x16\x01\
\x04\x10@\x00\x01\x04\x10\xc8\xab\x00\x05`^\xdf\x0c\xeb\
\xea\xac\x00OG\x00\x01\x04\x10@\xa0\xc4\x02\x14\x80%\
~\xb9l\x0d\x01\x04\x10@\x00\x01\x04\xd2\x09Te4\
\x05`U\xde4\xfbD\x00\x01\x042\x16\xb0\xdf\xa9g\
\xa7\xb7\xfdi\xdbv\xbe\x9b\xce{\x89\xe8\x5cq\xd8I\
\x92&v\xbev\xb7\xf5\xf9\xbe\xe4\xda>\x7f\xa4w\xa7\
\xe8\xd8~\xdbN\xe6\xd0\xb1\xfd\xedn\xcf>\xf58\xd1\
i\xf7\xf3\xed\xf3\xf8^@+2\xb9M\x018\xd9\x83\
\x16\x02\x08T^\x00\x00\x04\x10@\xa0\xfc\x02\x14\x80\xe5\
\x7f\xc7\xec\x10\x01\x04\x10@\x00\x01\x04\x10\x98$@\x01\
8\x89c\xa2\xc1'\x02\x08 \x80\x00\x02\x08 Pf\
\x01\x0a\xc02\xbf]\xf6\x86\x00\x02\x08\x94H\xe0\xdc\xd7\
\x9d&:\x1f\xfc\x9f\xaf\x10\x9d\x9f;e\xa1\xe8Lc\
\xebQo\xd1\xe7\xe3\x92k\xdf\xc3\x921i\xe2\x9b\xaf\
\xdd\xfdv\xed\xed~>\xcfs\x0bP\x00\xba}\xe8E\
\x00\x01\x04\x10@\x00\x01\x04J'@\x01X\xbaW\xca\
\x86\x82\x04\xb8\x19\x01\x04\x10@\x00\x81\x0a\x08P\x00V\
\xe0%\xb3E\x04\x10@\x00\x01\x04\x10p\x0bT\xad\x97\
\x02\xb0jo\x9c\xfd\x22\x80\xc0O\x04.Y}\x9a\x90\
\xe9\x1b\xfc\x04r\x9a\x17\xcd\xde\xb5\xa2c\xa7\xd1}\xc9\
\xf5\xe2w\x9c%\xae\xbc\xf6?\xde*:\xd7?|\xa5\
\xe8$s\xe8\xd8\xe7\xe5\xad\x9d\xfc\xfd\xc0i\xd2\xe93\
w\xfa;\x09[]\xe7\xdd7o\xeb\x8b\xbd\x1e\x0a\xc0\
\xd8\xc2\xcc\x8f\x00\x02\x05\x11`\x99\x08 \x80@u\x04\
(\x00\xab\xf3\xae\xd9)\x02\x08 \x80\x00\x02\x08 p\
@\x80\x02\xf0\x00\xc3\xc4\x07\x9f\x08 \x80\x00\x02\x08 \
\x80@\x15\x04\xe2\x17\x80\xc3#\xaf\x94\x88\x19\xdd7p\
\x84+c\xfd\xc2\x8b]\x9d\x00\x00\x10\x00IDAT\
{\xe6\xa4Is`\xa0\xdb\x15\x19\x1d\x95\x98\x19\xd9\xb2\
]bfh\xe3\x16\x99\x94'7\xcbP@\x867o\
\x13WFw\xf5K\xcc\x9cv\xd2b\xc92\xbf\xfd\xae\
3\xc5\x95\xff\xfd\xa1WJH~\xe7\x1d\xa7\x8a+\xe7\
\x1e\xd1%1\xf3\xb2\x85\xfb$\xcb\x9c9k@\x5c9\
\xa5> !y\xd1\xa2\xa6\xb8r\xc1\xa9K$$\x7f\
{\xc1rI\x93\xcfo\xba_bf\xd5\xfeQq%\
\xe6\xb3\xa73\xb7\xfd\x1fI}\xben*\xd7\xbe\xfbm\
\x7f\xc4v[\xa6\xb6\xe7\xf9\xb2~\xa8\x9d\x7f\xa4w\xa7\
\xe8d\xfd\xbcN\xcf\xd7\xbdd\x9e\xe8\xa4]\xcf\xfc\xf3\
\xcf\x15\x9d\xb4\xf7\x17}|\xfc\x02\xb0\xe8B\xac\x1f\x01\
\x04\x10@\x00\x01\x04\x10(\x99\x00\x05`\xc9^(\xdb\
\x99\xa6\x00\xb7!\x80\x00\x02\x08 P!\x01\x0a\xc0\x0a\
\xbdl\xb6\x8a\x00\x02\x08 \x80\x00\x02\x93\x05\xaa\xda\xa2\
\x00\xac\xea\x9bg\xdf\x08  \xcb?\xf5\xadI\xe99\
q\x81\xb8r\xe3\x05\xaf\x10\x9d+\x0e;I\xd2\xc4\x92\
\xdb{m\xbf\xafm\xef\xf7\xb5\xed|\xeb~\xf5\x02\xd1\
\xb1\xf7\xdb\xf1\xbe~;\xbe\xeam{&\xaf\xd3\x1e\xfa\
<`r\x9d\xf5\xf7\x06\xc6\x9eO\x9f\xf7K\xae}\x9e\
\xc9\x18\x1d}\xde/\xb9\xce\xfa\xfd4{\xd76u|\
\xeb\xebt?\x05`\xa7\xdf\x00\xcfG\x00\x81\x0e\x0b\xf0\
x\x04\x10@\xa0z\x02\x14\x80\xd5{\xe7\xec\x18\x01\x04\
\x10@\x00\x01\x04*.@\x01(\x22\x15\xff\x1d`\xfb\
\x08 \x80\x00\x02\x08 P1\x01\x0a\xc0\x8a\xbdp\xb6\
\x8b\x00\x02\xcf\x0b\xbc\xe2M\xef\x11\x9dyW\xfd\xa7\xe8\
<?r\xe2\xea5\xbfy\x96\xe8L\xfc\xf4\xf9\xcfk\
\xae<^t\x9e\xefi}\xa5\xc7\xb6\xba~\xfdKV\
\x8a\x8e\x9d\xe5C\xef~\xb1\xe8\x9csd\x8f\xb8b\xef\
?\xe2\xb8\xd5\xa2c\xef\xb5\xe3\xf3\xde\xb6g\xba\xa6\xd0\
\x96\x98c\xd2z%\xe7\xd2t\xd2\xde\x9fv\xbc\xdd{\
r.P\xc7\xceg\xcf\xf8\xd9\xb6\x1d\x9f\xb6m\xe7k\
l\xd9*:\xbe\xf9\xf4y\xbf\xe4\xda\x8e\xd7s%\xd7\
\xb6\xbfjm\x0a\xc0\xaa\xbdq\xf6\x8b\x00\x02\x08 \x80\
\x00\x02\x95\x17\xa0\x00\xac\xfc\xaf@\xc5\x01\xd8>\x02\x08\
 \x80\x00\x02\x15\x14\xa0\x00\xac\xe0Kg\xcb\x08 \x80\
\x00\x02\x08T]\xa0\xea\xfb\xa7\x00\xac\xfao\x00\xfbG\
\x00\x81C\x0a\xe8\xf3\x80\xc9\xf5!\x07\xe6\xa4\xe3\x92\x9f\
;M\x5c\x09]f\xde\xcf\x08\xea\xf3sS\xb9\xf6y\
Le\x8e,\xc7\xd8\xf5\xf8\xe6\xf6\x8d\xf7\xf5\xdb\xf9\xed\
x{&\xcf\x9e\x19\xb4\xe3m\xbf>O\x98\x5c\xdb\xf9\
\x92sz:\xc9\xb9<\x1d;?\xedl\x05(\x00\xb3\
\xf5d6\x04\x10(\x8c\x00\x0bE\x00\x01\x04\xaa+@\
\x01X\xddw\xcf\xce\x11@\x00\x01\x04\x10@\xa0\xa2\x02\
\x95.\x00+\xfa\xce\xd96\x02\x08 \x80\x00\x02\x08T\
\x5c\x80\x02\xb0\xe2\xbf\x00l\x1f\x01\x04\x9e\x17\xd0\xdf\x09\
\x98\x5c?\xdf3\xb5\xabg\x1e\x19\x10\x9d\xa9\xdd\xf5\xfc\
(}or\xfd|\xcf\xd4\xae>\x7f\xe3\xfd\xe2\x8a\x9d\
e\xf3\x86M\xa2\xf3\xe2\x13\x17\x8b\x8e\x1d\x7f\xe7S\x03\
\xa2c\xfbm\xbb\xb6\xecr\xd1\xb1\xfd\x1dl\x1fx\xb4\
=\x03g\xdb\x07\x06\xe5\xf8\xc3\xb7^_\xbf\xdd\x9ao\
|\xda~\xdf\xf8\xfa\xaa\x95\xa2c\xd7C;\xae\x00\x05\
`\x5c_fG\x00\x01\x04\x10@\x00\x01\x04r'@\
\x01\x98\xbbW\xc2\x82\xda\x22\xc0C\x10@\x00\x01\x04\x10\
\xa8\xb0\x00\x05`\x85_>[G\x00\x01\x04\x10@\xa0\
j\x02\xecwB\x80\x02p\xc2\x81O\x04\x10@@n\
\xf9\xdcu\x93R4\x92K\xef\xbeK\x5c\xb1\xfb9\xe9\
_\xbf)\xae\xd8\xf1\x1f\xdb\xb1Ntl\xbf>\xef\x97\
\x5c\xa7\xed\xb7\xe3i#\x10S`\xee\x09kD\xc7~\
\x8fa\xe8\xb3\x9b\xbdk\x9b:\xa1\xf3e}?\x05`\
\xd6\xa2\xcc\x87\x00\x029\x17`y\x08 \x80\x00\x02\x14\
\x80\xfc\x0e \x80\x00\x02\x08 \x80\x00\x02\x15\x13\xa8d\
\x01X\xb1w\xccv\x11@\x00\x01\x04\x10@\x00\x81I\
\x02\xd1\x0b\xc0\xc6\xfe\xc1\xc3cF\x86Fg\xbb\xd2\x18\
\x1c\x964\x19\x1b\x18\x14WF\xfa\xf6J\xcc\xa4Y\xeb\
t\xc6\xd6\xbb\xbbeR\xe6\xf5H= \xb5\x993\xc4\
\x95\xc6\xfe!\x89\x99\x07\x1eyV\xb2\xcc]\x0f\xf5\x8a\
+\xb7=\xb0]B\xb2}\xc7\xa8\xb8r\xf2QGI\
\xcc\xd4\x16.\x95,3{\xe5\xe1\xe2J\xcf\x0bVK\
H\xe6\xac8\x5c\x5c\x991\xef0\x09\xc9\xa4?\x0d\x0b\
\xd8\xf8\xc3\x8f\xdf&:v\x0b\xbb\xaf\xbeTt|\xfd\
zl\xab\xebu\xbfz\x81\xa4\xc9\x15\x87\x9d$:\xf6\
\xf9\x1dh\xf3H\x04\x10xN z\x01\xf8\xdcs\xf8\
\x17\x02\x08 \x80\x00\x02\x08 \x80@N\x04(\x00s\
\xf2\x22XF\x9b\x04x\x0c\x02\x08 \x80\x00\x02\x08\x08\
\x05 \xbf\x04\x08 \x80\x00\x02\x08 Pz\x0168\
Y\x80\x02p\xb2\x07-\x04\x10@\xa0c\x02O\xf6\x8f\
\x89N\xe8B\xf4\xf9\xc0\xe4\xda\xce\xb7\xe0\x83\x9f\x924\
q}g`\xab>\xfb<\xda\x08h\x81\xc6\x96\xad\xa2\
\xa3\xfb:q\xad\xbf\x130\xb9\xb6\xdf\x0bh\xdb\x9dX\
c\x96\xcf\xa4\x00\xccR\x93\xb9\x10@ \xc7\x02,\x0d\
\x01\x04\x10@\xe0\xc7\x02\x14\x80?\x96\xe0\xdf\x08 \x80\
\x00\x02\x08 \x80@E\x04*U\x00V\xe4\x9d\xb2M\
\x04\x10@\x00\x01\x04\x10@\xc0)\x10\xbf\x00\x1c\x1b\x9b\
/\x11\xd3\x18\x1b\x9b\xe9JslL\xd2\xa412*\
\xce\x0c\x8eH#bd\xac!Q\xd35\xfe\xcaU\xea\
\xb3\xba%$\xb5\xae.qEF\xc7$fzw\x0e\
H\x96y\xa6w\x9f\xb8\xb2y\xfb>\x09\xc9\xbe\xfd\x0d\
qe\xf9\xe2\xc5\x123\xb5\xd9s%\xcb\xcc\x98?_\
\x5c\xe9^\xb8@B2c\xde\xf8\xfc\x8et\xcd\xea\x91\
\x90\xd8?\x1d_\xf1\xa6\xf7\x88\x8e\xed\xf7\xb5?\xfe\xb5\
\xcd\xa2\xe3\x1b\xff\x83;\xf6\x88\x8eo|\xda\xfe\x8fy\
\xfe\xee\xdeO\x9d\xfd\x22\xc92i\xd7\xd7\xc6\xf1<*\
\x07\x02\xfa\xbc_r\x9d\x83%9\x97\x90\x9c\x03\xd4q\
\x0e.`\xe7x5P\xc0U\xb3d\x04\x10@\x00\x01\
\x04\x10@\x00\x81i\x0bP\x00N\x9b\x8e\x1b\x0b%\xc0\
b\x11@\x00\x01\x04\x10@\xe0'\x02\x14\x80?\xa1\xe0\
\x02\x01\x04\x10@\x00\x01\x04\xca&\xc0~Z\x0bP\x00\
\xb6v\xe1\xa7\x08 P\x01\x81[>w\x9d\xb8\x92\x96\
\xc0\x9e\xb9\xb3m;\xdf\xcf~\xe5fI\x13{\xbfo\
~;\xde\xb6/\xbd\xfb.\xc92v~_\xbb\xb6\xec\
r\xd1\xf1\x8d\xa7\x1f\x81<\x09\xd8\xef\x05\xb4\xed<\xad\
\xb5\xd5Z(\x00[\xa9\xf03\x04\x10(\x91\x00[A\
\x00\x01\x04\x10\xb0\x02\x14\x80V\x846\x02\x08 \x80\x00\
\x02\x08 Pr\x81J\x14\x80%\x7f\x87l\x0f\x01\x04\
\x10@\x00\x01\x04\x10H%@\x01\x98\x8a\x8b\xc1\x08 \
P&\x81\xdb\xef\xf8\x86\xa4\xc9\xbdG\xbfAt\xdez\
\xd3GE'\xcd\x5cU\x18\xabm\x92k\xbbg\xfb\xbb\
\xa4\xcf\x03\xb6\xba\xb6\xe3\xa7\xd0fH\x1b\x05\x92\xef\xf6\
s\xa5\x8dK\xe1QS\x10\xa0\x00\x9c\x02\x12C\x10@\
\x00\x01\x04\x10@\x00\x812\x09P\x00\x96\xe9m\xb2\x97\
\x83\x05\xf8\x09\x02\x08 \x80\x00\x02\x08\x1c$@\x01x\
\x10\x09?@\x00\x01\x04\x10@\x00\x81\xa2\x0b\xb0~\xb7\
\x00\x05\xa0\xdb\x87^\x04\x10(\xb1\xc0\xbf\x7f\xee&!\
\x9d3\x88\xfd\xab\xd5\xea\x1ca\xc8\xcfb\xaf\xb7h\xf3\
\xdb\xf3~E[\xbfo\xbd\xfb\xd6o\x14\x1d\xdf\xf8\xf9\
\xe7\x9f+:v|\xb3wmS\xc7\xf6\xb7\xbbM\x01\
\xd8nq\x9e\x87\x00\x02m\x12\xe01\x08 \x80\x00\x02\
\x87\x12\xa0\x00<\x94\x0c?G\x00\x01\x04\x10@\x00\x01\
\x04J*P\xea\x02\xb0\xa4\xef\x8cm!\x80\x00\x02\x08\
 \x80\x00\x02A\x02\xd1\x0b\xc0\xc6\xe8\xd8\xac\x98\xa9u\
u\xd5\x9d\x991CjiR\xabK\xcd\x91\xe6\xe8\xa8\
\xc4\xcc\xde\xfd\xa3\x123{\xf6\x8d\x8a\xce\xee\xbd#\x12\
\x92\xbe\xbd\xa3\xe2\xca\x8e\xf1\xe7\xc5\xcc\xba\xa7\x06$\xcb\
<\xfa\xf4>q\xe5\xb1\xa7\xf7HH6\xed\x1c\x16W\
vw\xcd\x92\x98\x19\xe9\x9e)Y\xa6>\xa7[\x5c\x99\
9w\xa6\x84\xa4\xd1\xdd%\xae\xf4\x0d7%$\xbf\xf4\
\xa6\x8b\x84t\xce\xc0~/\xa0m\x07\xfc\xaf\x1b\xb7F\
\x10(\xfb\x99?K6\xf7\x845\xa2c\xfb\xf5y\xbf\
\xe4\xda\xf6\xe7\xbd]\xcf\xfb\x02Y\x1f\x02\x08 \x80\x00\
\x02\x08 \x80@\xb6\x02\x14\x80\xd9z2[^\x04X\
\x07\x02\x08 \x80\x00\x02\x08\x1cR\x80\x02\xf0\x904t\
 \x80\x00\x02\x08 \x80@\xd1\x04X\xef\xd4\x04\xa2\x17\
\x80\xcd\xc1\xc1E1S\xef\x9e9\xd3\x99\x9e\xd9RO\
\x11\x99\xd1%\xae4\x06\x87$f\xb6\xf6\x0dK\xccl\
\xd9>(:\x9b\xb7\xee\x97\x90l\xdc\xb6_\x5c\xd9\xb0\
}Xb\xe6\x0b\xdf\xdb)Y\xe6\xa6[\xb7\x89+\xdf\
\xfc\xc1V\x09\xc9m\x1b\xf6\x89+\x9bg-\x90\x98\x19\
\x9c7O\xb2\xcc\xcc\xc3\xe6\x8a+\xf3V\xcc\x93\x90\x8c\
\xcd\x9b%\xae<9\xd0\x90\x90\xfc\xe6\xfb>!\xa4}\
\x06\xe7\xfe\xd4k$M\xa6\xf6?c\xcf\x8f\xb2\xdf\xf1\
\xf7|\xcf\xd4\xaeV\x9d|\x81\xe8\xd8\xbbB\xe7\xb7\xf3\
\xe5\xbd]\xb53\x7fi\xdf\xc7\x9e\x9bo\x17\x9d\xb4\xf7\
wz|\xbd\xd3\x0b\xe0\xf9\x08 \x80@\xb6\x02\xcc\x86\
\x00\x02\x08 \xe0\x13\xa0\x00\xf4\x09\xd1\x8f\x00\x02\x08 \
\x80\x00\x02\x08\x94L\xa0\x94\x05`\xc9\xde\x11\xdbA\x00\
\x01\x04\x10@\x00\x01\x042\x15\xa0\x00\xcc\x94\x93\xc9\x10\
@\xa0H\x02\x7f\xf7\x97\x97\x09i\x9f\x81\xfd\x9e\xbf\xb4\
m{\x06\xcf\xb6E$\xd3_?}\x1e0\xb9\xb6\x93\
\xc7~\xbe}^h\xdb\x9e\xe9\xf3\xb5C\x9f\xc7\xfd\xf9\
\x16\xa0\x00\xcc\xf7\xfbau\x08 \x80\x00\x02\x08 \x80\
@\xe6\x02\x14\x80\x99\x932aG\x05x8\x02\x08 \
\x80\x00\x02\x08x\x05(\x00\xbdD\x0c@\x00\x01\x04\x10\
@\x00\x81\xbc\x0b\xb0\xbet\x02\x14\x80\xe9\xbc\x18\x8d\x00\
\x02%\x12H\xf3\x9dt\x8cM\xf7\x1d~1\xbc\xb2\xfe\
\xd5K\xce\xf5\xe9\xf8\xe6\xd7c\x93k;>og\x02\
\xed\x19?\xbb^\xdan\x81}\xeb7\x8a\x8e{t\xf1\
z)\x00\x8b\xf7\xceX1\x02\x08\xb4\x14\xe0\x87\x08 \
\x80\x00\x02S\x15\xa0\x00\x9c\xaa\x14\xe3\x10@\x00\x01\x04\
\x10@\x00\x81\x92\x08\x94\xaa\x00,\xc9;a\x1b\x08 \
\x80\x00\x02\x08 \x80@T\x01\x0a\xc0\xa8\xbcL\x8e\x00\
\x02y\x16H\xceq\xc5L\xda\xbd\xff\xdco\xbc]t\
\xd2\xde\x9f\xb7\xf1\xd66\xe2\xfa\xa65\xf5\x96\x87\xbe)\
:\xd3\x9aD\xddt\xf1\xbb\xae\x16\x1d{&\xd0\xb6\xd5\
\xad\x99\x5cr\xe6/\x13\xc6\x9fL2\xf7\x845\xa2\xf3\
\x93\x8e\xe7.\xe6\x9f\x7f\xae\xe8<\xf7\xe3\xc2\xfc\x8b\x02\
\xb00\xaf\x8a\x85\x22\x80\x00\x02\x08 \x80\x00\x02\xd9\x08\
P\x00f\xe3\xc8,\x9d\x16\xe0\xf9\x08 \x80\x00\x02\x08\
 0e\x01\x0a\xc0)S1\x10\x01\x04\x10@\x00\x01\
\x04\xf2&\xc0z\xa6'@\x018=7\xeeB\x00\x01\
\x04\x0e\x12\xd0\xe7\xc9\x92k;`l\xffW\xc4\x15;\
^\x9f\x07L\xae;}\xa6\xce>\xdf\xd7\xb6\xfb\xb1\xe3\
m\x7f\xbb\xdb\xb1\xd7\xf3\x07k?-:v\x7f\xa1g\
\x029\xf3gE\xc3\xda\xfa;\xffZ]\x87\xcd\x9e\xbf\
\xbb)\x00\xf3\xf7NX\x11\x02\x08\xa4\x12`0\x02\x08\
 \x80@Z\x01\x0a\xc0\xb4b\x8cG\x00\x01\x04\x10@\
\x00\x01\x04\x0a.P\x8a\x02\xb0\xe0\xef\x80\xe5#\x80\x00\
\x02\x08 \x80\x00\x02m\x15\xa0\x00l+7\x0fC\x00\
\x81<\x09\xac:\xa2.ib\xd7\x9e\x9c\xf3\xd3\xb1\xfd\
\x8d\xc7?&:\x0f\x7f\xf7\x87\xe2\x8a\xbd\xff\xee\xdb6\
\x8a\x8e\xed\xcf\xfa\x0c\xdb9\xaf\xb9P\x5c9\xfb\xc5k\
\xc4\x15\xbb>_\xdb\xae\xdf\xb6}\xf7\x8b\x88s\x88\x9d\
\xcf\xb6\x9d7O\xa3\xf3\xcb7|Pt\xec\x14\xfa<\
`rm\xfb\xed\x99@{\xc6\xcf\xb6\xed\xfd\xb4\xc3\x04\
\xf4w\xfe%\xd7v6\xfd\x9d\x7f\xc9\xb5\xed/Z\x9b\
\x02\xb0ho\x8c\xf5\x22\x80\x00\x02\x08 \x80\x00\x02\x81\
\x02\x14\x80\x81\x80\xdc\xdea\x01\x1e\x8f\x00\x02\x08 \x80\
\x00\x02\xa9\x05(\x00S\x93q\x03\x02\x08 \x80\x00\x02\
\x08tZ\x80\xe7\x87\x09D/\x00ks\xe6H\xcc\xd4\
\x97.\x16Wf\xac\x5c*i\xb2\x7f\xf9*q\xe5\xb1\
\xc3^(13t\xeck%f\x9e\xecy\xa9\xe8<\
0v\xb6\x84\xe4\xfb\xdbW\x8b+\x9f\xb9e\xa7\xc4\xcc\
\xe8\xfe\xbd\x92e.\xfe\x99#\xc5\x95\xdf{\xc79\x12\
\x927]t\xac\xb8r\xd8\x92.\x89\x99\xdf\xff\xf5S\
$\xcb\x9ct\xf2jq\xa5\xbeh\xa9\x84\xa41k\xb6\
\xb8\xb2w`\x97\x84d\xe5\xea\xd5\xa2c\xff8\xbd\xf3\
\x1b_\x17\x1d}\xde/\xb9\xd6\xe7\xfbZ]\xaf{d\
\x9b\xe8\xd8\xf9}m{\xde\xce7>\xf6\x197\xdf\xf3\
\xedzm\xdbw\x7f\xd1\xfa\xedy\xc9\xb4\xebO\xce\x01\
\xea\xd8\xfb\xbb\xce\xf8\xa0\xe8\xd8~\xda\xd9\x0a\xd8\xef\xfe\
\xcbv\xf6\xfc\xcd\x16\xbd\x00\xcc\xdf\x96Y\x11\x02\x08\x94\
C\x80] \x80\x00\x02\x08LW\x80\x02p\xbar\xdc\
\x87\x00\x02\x08 \x80\x00\x02\x08\x14T\xa0\xd0\x05`A\
\xcdY6\x02\x08 \x80\x00\x02\x08 \xd0Q\x01\x0a\xc0\
\x8e\xf2\xf3p\x04\x10\xc8\x93\x80>\xef\x97\x5c\xdb\xb5\xd9\
s~\xb6\xdf\xb6Oz\xe1\x0a\xd1\xf9\xfe&\x11W\xec\
\xfd\xb6\x9d\xf6L]\xa7\xcf\x04f\xbd~\xb5\x1fI\xae\
\xed\xfc\xb6\x9d\x9c\xd3\xd4\xb1\xfdyk\xeb\xf3\x80\xc9u\
\xde\xd6W\xf5\xf5\xec\xb9\xf9v\xd1)\xba\x07\x05`\xd1\
\xdf \xebG\x00\x01\x04\x10@\x00\x01\x04R\x0aP\x00\
\xa6\x04cxN\x04X\x06\x02\x08 \x80\x00\x02\x08L\
[\x80\x02p\xdat\xdc\x88\x00\x02\x08 \x80\x00\x02\xed\
\x16\xe0y\xd9\x08P\x00f\xe3\xc8,\x08 P@\x81\
\x1b\xff\xf1\x1fD'\xeb-|\xf2\xdb\xdbD\xc7\xce\xff\
\xc5[7\x8b\x8e\xed\xa7\x9d\xad\x80>\x0f\x98\x5c\x87\xce\
\xbeesCt\xec|\x7f~\xf9\xdbD\xc7\xf6\xefx\
\xfc>\xd1\xb1\xfd\xb6\xad\xbf\x13\xb0\xd5\xb5\x1d\x1f\xdan\
\xf5\x0c\xfd\xb3\xd0\xf9\xf3v\x7f\xf2\xf7\xff\xea\xd8\xf5%\
\x7f\xff\xaf\x8e\xed/Z\x9b\x02\xb0ho\x8c\xf5\x22P\
y\x01\x00\x10@\x00\x01\x04B\x05(\x00C\x05\xb9\x1f\
\x01\x04\x10@\x00\x01\x04\x10(\x98@!\x0b\xc0\x82\x19\
\xb3\x5c\x04\x10@\x00\x01\x04\x10@ W\x02\x14\x80\xb9\
z\x1d,\x06\x01\x04:)`\xffn\xd7\xc6\xe6\x8f\x89\
\x8eom\xfa\xbc_rm\xc7\xeb\xf3~\xc9\xb5\xed\xb7\
\xed\xbbo\xdb(:\xf7\xdf\xf3\xb8\xe8\xd8\xf1\xbev\xf2\
\xddy:v|\xf2\xdd\x87:\xb6\xdf\xb6\xf5\xda\x92k\
\xdb\x1f\xa1\x9d\xab)\xed\xf72j\xdb\xe4\xda\xb7\xd8\xc3\
\x8e9]t|\xe3/~\xd7\xd5\xa2\x93|W\xa0\x8e\
>\x9f7\x95k\xfb<{\xcf\xe8\xf0\x83\xa2\xa3\x9f\x9d\
\x5c\xdb\xf1v\xbe\xa2\xb7\xf5y\xc0\xe4Z\x7f\x07`r\
]\xf4\xfdQ\x00\x16\xfd\x0d\xb2~\x04\x10@\x00\x01\x04\
\x10@ \xa5\x00\x05`J0\x86wX\x80\xc7#\x80\
\x00\x02\x08 \x80@\xb0\x00\x05`0!\x13 \x80\x00\
\x02\x08 \x80@l\x01\xe6\xcfV\x80\x020[Of\
C\x00\x81\x02\x09\xf4\xdd\xf5\x97\xa2\xf3\xcdk/\x14\x9d\
O~u\x9b\xe8\x14hk\x85X\xaa=CW\x88E\
\x07,R\x7f'`r\xed\x9bJ\x9f\xefK\xaeO=\
\xe3X\xd1y\xf1\x8b\x8e\x17\x9d/\xdc\xf6}\xd1\xf1\xcd\
/\xa7\xfd\x81\xe8\x8c5\xf6\x8b\x8e\xbd\xff?\xaf\x7f\xb3\
\xe8|\xe4\xb3_\x10\x9d\xb2\x9f\x09\x14\xf3\x9f\xe4\x1c\xa0\
\x8e\xe9\xce}\x93\x020\xf7\xaf\x88\x05\x22\x80\xc0\x84\x00\
\x9f\x08 \x80\x00\x02Y\x09P\x00f%\xc9<\x08 \
\x80\x00\x02\x08 \x80@A\x04\x0aU\x00\x16\xc4\x94e\
\x22\x80\x00\x02\x08 \x80\x00\x02\xb9\x16\xa0\x00\xcc\xf5\xeb\
aq\x08 \xd0I\x817\x9d\xb5Pt\x92\xef\xf6s\
\xa5\x93k\x9d\xca\xb3\x93\xbf\xffV\xc7w\x8f\xfe{n\
\x93\xeb\xe4\xbb\xfet\xec\xfd\xba/\xb9\xb6\xfd\x01\xed\x96\
\xb7&\xdf\xb5\xa7\xd3rP\x07\x7f\xa8\xd7\x96\x5c\xdb\xa5\
<p\xefc\xa2c\xfb\xb3n\xeb\xf3}\xc9\xb5\x9d\xbf\
9\xfa\xb8\xe8\xd8\xfe\xaa\xb5\xeb\xabV\x8a\x8e\xdd\xff\xfc\
\xf3\xcf\x15\x1d\xdb\x9f\xf76\x05`\xde\xdf\x10\xebC\x00\
\x01\x04\x10@\x00\x01\x042\x16\xa0\x00\xcc\x18\x94\xe9\x22\
\x090-\x02\x08 \x80\x00\x02\x08d&@\x01\x98\x19\
%\x13!\x80\x00\x02\x08 \x80@\xd6\x02\xcc\x17G \
~\x01X\x93\x19\x121;\xf75\xea\xael\xed\x1b\x93\
4\xd9\xb9\xaf&\xae\x0c5z$f\xee\xb8\xefI\x89\
\x99\x07\xee\xbdWt\x1e\xfe\xd1\xed\x12\x92\xfe\xedO\x8a\
4\x90h\xcd\x00\x00\x10\x00IDAT+\xc7\xbd`\
\xbe\xc4\xcc\x8e\x9d\xfb$\xcb<\xf5\xcc\x1eq\xe5\x91\xa7\
wKP\x9e\xea\x93G\x1cy\xf8\xb1\xed\x1237\xfe\
\xa8O\xb2\xcc}\x8fn\x17W6>\xb5EB\xb2\xbb\
\xafO\x5cY:\xbfKB\xb2\xe8E\xef\x13\x9d_\xff\
\xd8C\xa2\xf3\xb9{\xfaE'\xed\x1f\xc3_\xbcu\xb3\
\xe8\xa4\xbd\xdf~O\xdeig\x1d#:i\xe7K\xce\
\xa1\xe9\xf8\xee\xd7\xe7\x05[]\xdb\xfb\xedz\x93s\x80\
:v\xbcm\xdb\xfbm\x7f\xd6m\xbb\xa7\xb4\xf3\xeb\xbd\
%\xd7i\xef\xff\xf2\x0d\x1f\x14\x1d\xdf\xfd\xfa;\xff\x92\
k\xdf\xf8\xe4\x9c\x9f\x8e\x1d\xaf\xcf\xfb%\xd7\xb6?v\
\xdb~o\xa0m\xff\xc6gf\x8bN\xec\xf5\xf8\xe6\xd7\
\xe7\xfd\x92k\xfd\x1d\x80\xc9\xb5\xef\xfe\xbc\xf5\xc7/\x00\
\xf3\xb6c\xd6\x83\x00\x02\x05\x13`\xb9\x08 \x80\x00\x02\
Y\x0bP\x00f-\xca|\x08 \x80\x00\x02\x08 \x80\
@\xce\x05\x0aQ\x00\xe6\xdc\x90\xe5!\x80\x00\x02\x08 \
\x80\x00\x02\x85\x12\xa0\x00,\xd4\xebb\xb1\x08 \x10S\
\xe0\xc6\x7f\xfc\x07\xd1\xd1\xe7\xf7\xa6s\x9d\xf5Z\x93s\
f:Y\xcf\x1f{\xbe\xfb\xefy\x5ct\xa6\xf0\xbcT\
C\xf4\xf9\xc6\xe4:\xd5\xcd\xe3\x83C\xcf\x04\x8eO\xe1\
\xfc'Y\x93\x8e\x1d\xac\xbf\x13\xb0\xd5\xf5mw=*\
:\x9f\xfc\x87\x9bDG\xf7%\xd7_\xbd\xe3.\xd1\xb1\
\xcf\xbb\xe9\x9e]r\xd3=S\x8f\xbd\xdf\xb6\x7f\xe3\x8f\
\xae\x15\x1d\xdb\xff\xc6\xb5\x22:\xff\xf6\xad\xaf\x8b+\xf6\
~\xfd\x9d|\xed\xb8\xb6\xcf\xb7\xed\xe4\x1c\xa0\x8e\xed\xcf\
{\x9b\x020\xefo\x88\xf5!\x80\x00\x02\x08 \x80\x00\
\x02\x19\x0bP\x00f\x0c\xcat\x19\x0b0\x1d\x02\x08 \
\x80\x00\x02\x08d.@\x01\x989)\x13\x22\x80\x00\x02\
\x08 \x80@\xa8\x00\xf7\xc7\x15\x88^\x00\xd6j\xd2\x15\
3\xfb\x87\x9a5W\xf6\x0e6%M\xf6\x8f\xd4\xc4\x95\
1\x99)1\xb3e[\x9f\xc4\xcc\xf6\xad\xdbD\xe7\xd9\
\xad\x9b%$C\xfb\xfa\xc4\x95\xc3\x16\xce\x92\x98\xd9?\
8\x22Y\xa6o\xef\x90\xb8\xb2s\xf7\x90\x84dG\xff\
\xa08\xb3k@vD\xcc#[\x87$\xcbl\xdf\xb9\
O\x5c\xe9\xef\xdf+!\x19\x1e\x1c\x14Wzf\xd5%\
$\xfa<Vr-\xe6?\xfa<`rm\xba\xa37\
\xf5y\xbf\xe4:\xeb\x07&{\xd6\x09\x9d?Y\xa3\x8e\
\x9dodx\x86\xe8\xd8\xfe\xaa\xb5\xb5}r\xfde\xf3\
\xbd\x80\xb6m}N=\xe3X\xd1\xb1\xfd\xeb\x9fzV\
t\xf4y\xc0\xe4\xda\x8e\xb7m}or\xfd\xd1\xcf\xfe\
Ht\xecx\xdb~\xe7g{D\xe7\xd7~\xf9\x15\xa2\
c\xc7\xfb\xdao\xfb\xdf}\xa2\xe3\x1b\x1f\xbb\x7f\xcf\xcd\
\xb7\x8bN\xec\xe7e=\x7f\xf4\x020\xeb\x053\x1f\x02\
\x08TE\x80}\x22\x80\x00\x02\x08\xc4\x12\xa0\x00\x8c%\
\xcb\xbc\x08 \x80\x00\x02\x08 \x80@N\x05r]\x00\
\xe6\xd4\x8ce!\x80\x00\x02\x08 \x80\x00\x02\x85\x16\xa0\
\x00,\xf4\xebc\xf1\x08 \x10\x22\xb0b\xd5\x02\xd1I\
\xcea\xe9\xd8\xb9\x93s\x80:\xb6\xbf\xe8m\xbd\xf7\xe4\
:\xf6~\xb6n\xda$:\xeay\xb9\xb8\x8c\xfd\xbd\x80\
v\x93\x89\xb9+\x7f~\xf9\xdbD\xc7\xdeo\xdb\xcf>\
\xdb/:\xc99\xbe4\xb1\xf3\xdd\xfc\xbd\xf5\xa2c\xfb\
O=\xe3D\xd1\x19k6D\xe7\xbf\xbeu\xa7\xe8\xfc\
\xcbgo\x11\x1d;\xdf\xeb^}\x8e\xe8\xd8~}\x1e\
0\xb9\xb6\xfd\xb4\xdd\x02\x14\x80n\x1fz\x11@\x00\x01\
\x04\x10@\x00\x81\xd2\x09P\x00\x96\xee\x95\x96dCl\
\x03\x01\x04\x10@\x00\x01\x04\xa2\x09P\x00F\xa3eb\
\x04\x10@\x00\x01\x04\x10H+\xc0\xf8\xf6\x08P\x00\xb6\
\xc7\x99\xa7 \x80@\x01\x05\xecy,\xbb\x05}\x1e0\
\xb9\xb6\xfdEo\xfb\xf6\xdf\xee3r\xd6\xd3>\xdf\xb6\
}\xeb\xb7\xf3\xc5n\xaf:\xa2.ib\xd7c\xf7\xa3\
\xcf\x03&\xd7v|h\xfb\xde\x1f=$:\xa1\xf3\xd9\
\xfb\x17\x1f6[t\xf4y\xc0\xe4Z\xcc\x7f\xf4y\xc0\
\xe4\xdatO\xfa\x8e\xc0\xe4L\xa0\x8d\x1d_\xf56\x05\
`\xd5\x7f\x03\xd8?\x02\xb9\x13`A\x08 \x80\x00\x02\
\xb1\x05(\x00c\x0b3?\x02\x08 \x80\x00\x02\x08 \
\x903\x81\x5c\x16\x8093b9\x08 \x80\x00\x02\x08\
 \x80@\xa9\x04\xa2\x17\x80\xcdz\xd7X\xcc4\xc6F\
\x9b\xae\x8c\x0d\x0fK\x9a\x8c\x8e\x8c\x89+C\xa3u\x89\
\x99\xae\xb1=\x123\xcb\x17v\x89\xceQ+\xe7JH\
\xe6\xcd\x9e)\xae<\xbdm@b\xa6V\xabI\xad\x96\
]\xe6\xcc\xec\x12W\xe6\xcd\xee\x1a\xdf\xef\xf43\xa7{\
\x86\xb8R\xeb\x9a)1\xb3m\xebN\xc92=\xdd5\
q\xe5\x88e=\x12\x92\x95K\xe7\x8a+\x8b\x17\xcd\x95\
\x90\x88\xf9\x8f\xfeN\xc0\xe4\xdat\x8b=\x83e\xdb\xc9\
9@\x1d{?m\xaf@\xd0\x00\xfb>\xec\x99\xc0\xa0\
\xc9\xc7o\xcez\xbe\x95\xabW\x8b+\xe3\x8ft\xfe\xf3\
\x1b\x7ft\xad\xe88\x07\xb7\xa1S\x9f\x17L\xae\xd3>\
R\x9f\x07L\xae\x93s\x80:v\xbe\xe4\x1c\xa0\x8e\xed\
\xb7m{&\xd0\xb6\xed\xf8\xb2\xb7\xa3\x17\x80e\x07d\
\x7f\x08 \x80\x00\x02\x08 \x80@\xd1\x04(\x00\x8b\xf6\
\xc6\xca\xbe^\xf6\x87\x00\x02\x08 \x80\x00\x02\xd1\x05(\
\x00\xa3\x13\xf3\x00\x04\x10@\x00\x01\x04\x10\xf0\x09\xd0\xdf\
^\x01\x0a\xc0\xf6z\xf34\x04\x10\xa8\x90\x80>\x0f\x98\
\x5c\x17}\xeb\xf6\x8c]\xe8~\xb6ln\x88\xce\xdd\xb7\
m\x14\x9d\xd0\xf9\xb3^o\xe8z\xf4^\x93\xeb\xb4\xf3\
\xbd\xf6\x17.\x10\x1d{\x7f\xf2]\x80:\xb6\xff;\xdf\
\xba[t\x92sz\xae\xd8\xfb\x93sy:\xf6\xde]\
;\x06%M\xec\xfc\xb6\xad\x9f\x95\x5c\xeb\xf3\x80\xc9\xb5\
\xfe{\x85\x93k{\x7f\xdav\xbb\xcf\x046{\xd76\
u\xd2\xae7t<\x05`\xa8 \xf7#\x80@F\x02\
L\x83\x00\x02\x08 \xd0.\x01\x0a\xc0vI\xf3\x1c\x04\
\x10@\x00\x01\x04\x10@ '\x02\xb9*\x00sb\xc2\
2\x10@\x00\x01\x04\x10@\x00\x81R\x0bD/\x00\xeb\
sf\x8f\xc6\xcc\xe8\xd0P\xc3\x95\x91\x81\xbd\x92&\x83\
\xfb\x87\xc5\x95\xbd\xc3\xdd\x123\xb3\x86\x9f\x91\x989\xed\
\xc8Y\xa2\xf3\xca\xb3VJHV,\x99#\xae|\xff\
\xfe\x9d\x123\xf5z\x97d\x99\xc5\xf3\xba\xc5\x95\xc3\x17\
\xcd\x96\x90,\x99?[\x5c\x991\xabGb\xe6\xbe{\
7H\x96Y\xb6\xa0.\xae\xbc\xf8\xd4\xe5\x12\x923O\
X.\xae\x1c{\xd4\x0a\x09\x89\xfd\xd3}\xdb\x96\xdd\xa2\
\x93|\x17\xa0\x8e\x1do\xdb\xa1g\xce\xf4\xf9\xb7\xe4\xda\
\xce\xdf\xee\xb6\xfd\xde;\xdb\xb6\xeb\xb1\xfd\xbe\xb6\xba\x7f\
J\x97v\xbeP\xef)=\xd41\xc8\xae\xc71\xf4@\
\xd7\xaa#\xea\xa2\x93\xbcc\x9d\xfb\xefy\x5ct\xce~\
\xf1\x1a\xd1\xf9\xda\x7f~S\x5c\xb1\x1e\xfa<`r\xfd\
\xa5kV\x8a\xce\xa7\x7fg\x91\xe8\xa49\xbf\xd7j\xec\
\x81MF\xfcH\xce\x01\xea\xf8\x1e\xd5j\x8di~\xf6\
\x86\xf7o\x15W\xe6\x9f\x7f\xae\xe8\xf8\xd6\x93\xb7\xfez\
\xde\x16\xc4z\x10@\x00\x01\x04\x10@\x00\x01\x04\xe2\x0a\
P\x00\xc6\xf5e\xf6\xa9\x0a0\x0e\x01\x04\x10@\x00\x01\
\x04\xda&@\x01\xd86j\x1e\x84\x00\x02\x08 \x80\x00\
\x02V\x80vg\x04(\x00;\xe3\xceS\x11@\xa0\x80\
\x02\xfa<`r\x9dv\x0b\xc9w\x01\xba\x92v\xbe\xd8\
\xe3\xed\x99\xb2\xd8\xcf+\xfb\xfc\xc9w\xff\xe9\xd8\xfd\x8e\
\x0c\xcf\x10\x1d}>0\xb9\xb6\xe3\xb3n\xeb\xf3\x81\xed\
\xb8\xd6\xe7\x0fc\x5c\xc7\xdeC\xa8\x7fm\xd9\xe55\x9d\
\xd0\xf9\xd2\xdeO\x01\x98V\x8c\xf1\x08 \x90\xb1\x00\xd3\
!\x80\x00\x02\x08\xb4[\x80\x02\xb0\xdd\xe2<\x0f\x01\x04\
\x10@\x00\x01\x04\x10\xe8\xb0@.\x0a\xc0\x0e\x1b\xf0x\
\x04\x10@\x00\x01\x04\x10@\xa0R\x02\x14\x80\x95z\xdd\
l\x16\x01\x04\xd2\x08\xe8\xef\x04L\xae\xd3\xdc\x9b\x8c\xb5\
g\xe8l;\x19\xa3\x93\xf6{\xe5\xf4\xbd\x05\xbdf\xd9\
\x11\x05\xec\xef[m\xd9\xe5\xa2\x13\xf1\xd1L]\x00\x01\
\x0a\xc0\x02\xbc$\x96\x88\x00\x02\x08 \x80\x00\x02\x08d\
)@\x01\x98\xa5&s\xa5\x17\xe0\x0e\x04\x10@\x00\x01\
\x04\x10h\xbb\x00\x05`\xdb\xc9y \x02\x08 \x80\x00\
\x02\x08 \xd0Y\x01\x0a\xc0\xce\xfa\xf3t\x04\x10\xc8\x91\
@\xf2\xdd~:\xb1\x97f\xcfh\xd9\xe7q&\xd0\x8a\
\xe4\xbb]\xb4\xf7\xa5\xcf\x03\xb6\xba\xf6i_x\xc5]\
\x92&\xbe\xf9\xd2\xf6\xb7Zs\xc8\xcf\xd2>\xbf\xe8\xe3\
)\x00\x8b\xfe\x06Y?\x02\x85\x15`\xe1\x08 \x80\x00\
\x02\x9d\x12\xa0\x00\xec\x94<\xcfE\x00\x01\x04\x10@\x00\
\x01\x04:$\xd0\xd1\x02\xb0C{\xe6\xb1\x08 \x80\x00\
\x02\x08 \x80@\xa5\x05(\x00+\xfd\xfa\xd9<\x02\x08\
\xe4I\xc0w&\xb0\xddk\x8dx\xa6\xed\xc0V\xec\xfc\
\xb6}`P\x8a\x0f{\xbfm\xa7\x98\xaa\xe5P\xfb~\
|\xed\xac\x9f\xdfrQ)~h\xd7\xdbhn\x13\x9d\
\x14S\xb5\x1c\xfa\xb5\x7f\xfb\x90\xb8b\xcf\x0b\xb6\x9c\xc4\
\xf1C{\xbe\xcf\x0e\xd5{\x99\xca\xf5=O= :\
\xbe\xf9\xed\xf3\x8a\xde\xa6\x00,\xfa\x1bd\xfd\x08 \x80\
\x00\x02\x08 \x80@J\x01\x0a\xc0\x94`\x0c\xcfH\x80\
i\x10@\x00\x01\x04\x10@\xa0c\x02\x14\x80\x1d\xa3\xe7\
\xc1\x08 \x80\x00\x02\x08TO\x80\x1d\xe7C\x80\x020\
\x1f\xef\x81U \x80\x00\x02\x07\x09\xd83[y;S\
v\xd0\x82\x03\x7f`\xf7\x1b8]\xe9n\xcf\xfa\xfd\xaf\
>\xe5\xd7D\xc7\x82\xfd\xe6\xdaa\xd1y\xfbu\xfbd\
R\xaex\xbb\xbc]\xe53\xb7l\x10W\xec\xf9@{\
&\xd0\xd7\xf6\x9d\xeb\xb3\xeb\xb7\xed{7\xf6\x8a\x8e\xed\
\x7f\xcd\x9b\xdf!:v=v|\xd1\xdb\x14\x80E\x7f\
\x83\xac\x1f\x81\xc2\x09\xb0`\x04\x10@\x00\x81N\x0bP\
\x00v\xfa\x0d\xf0|\x04\x10@\x00\x01\x04\x10@\xa0\xcd\
\x02\x1d)\x00\xdb\xbcG\x1e\x87\x00\x02\x08 \x80\x00\x02\
\x08 \xa0\x04\xa2\x17\x80\x9bv\xc8\xa91\xf3\xc0\xce\x15\
\x0b]\xb9\xb3\xf7HI\x93\xdb7\xcd\x13W\xbe\xff\xd0\
V\x89\x99E\xcbWJ\xcc|g\xfd\x90\xe8\xfc\xcd7\
\xb6IH\xbe|\xfb\x0eqe\xfb\xb6=\x123\x9f\xfc\
\xf3\x8b$\xcb\xbc\xe0\xf8#\xc4\x95\xc7\xf6\xce\x90\x90<\
\xbdW\xc4\x95\xfe\xdd\x83\x123\x17\x9e\xbbB\xb2\xcc1\
\xab\x16\x8a+\x0b\xe7\xf7HH\x16\xcc\x9d-\xae\xcc\x9b\
5CB\xa2\xfe,<p\xb9m\xcbn\xd19\xff5\
'\x89\xce\x81A\x8e\x0f\xfd\xf7\x08'\xd7\x8e\xa1U\xed\
r\xee\xdb\x9eq\xb3m{\xb3\xaf\xdf\x8eow\xdb\x9e\
i\xccz\xbdY\xcfg}n\xf8\xc3\xf3EgF\xf7\
L\xd1\xb1\xe3m\xfb\xcd/\x99':2\xbaUt\xbe\
\xf6\xcf\xbf-\xae\xac>\xeeD\xd1\xb1\xf3\xeb\xf3|\xad\
\xae\xedx_\xfb\x0d\xbfr\xb1\xe8\xe8g'\xd7\xbe\xfb\
\x8b\xd6_/\xda\x82Y/\x02\x08 \x80\x00\x02\x08 \
\x80@\x98\x00\x05`\x98\x1fw\xa7\x15`<\x02\x08 \
\x80\x00\x02\x08t\x5c\x80\x02\xb0\xe3\xaf\x80\x05 \x80\x00\
\x02\x08 P~\x01v\x98/\x01\x0a\xc0|\xbd\x0fV\
\x83\x00\x02\x08tL \xf6\x99\xb2\x8em,'\x0f>\
\xeb\xb5\xbf,:i\xbd\xed\x99B\xdbN;\x9fe\xb1\
\xf3\xd5g\x9e!:v\xfc\xb7\xbf}\x87\xe8\xd8\xfe\xcf\
\xfcp\xaf\xe8\xd8~_\xfb\x93\x1f\xb8Pt|\xe3m\
\xbf=\x17h\xfbo\xb9{\x83\xe8\xd8\xfeM\x1b\x1e\x16\
\x1d\xfb\xbd\x80\xbe\xb6\x9d\xcf\xb6\x9b\xbdk\x9b:\xb6?\
v\x9b\x020\xb60\xf3#\x80\xc0s\x02\xfc\x0b\x01\x04\
\x10@ /\x02\x14\x80yy\x13\xac\x03\x01\x04\x10@\
\x00\x01\x04\x10h\x93@[\x0b\xc06\xed\x89\xc7 \x80\
\x00\x02\x08 \x80\x00\x02\x088\x04(\x00\x1d8t!\
\x80@\xb9\x05\xf4w\xfe%\xd7\xe5\xdemGww\xe0\
\xe1\xf6\x8c\xd9\x81\x1f:>\xd2\x8ewL\x95\xcb\xae\xac\
\xf7g\xe7\xb3g\x02m;-\xca'\xfe\xe4=\xa2c\
\xef\xd7\xe7\x01\x93k\xdb\xaf\xcf\x03&\xd7\xb6\xdf\xd7\xf6\
\x9d\xe9\xf3\xddo\xfb\x97.]&\xae$\xdf\xfd\x17\x12\
\xfb<_[\x9f\x07L\xae}\xe3C\xfb)\x00C\x05\
\xb9\x1f\x01\x04\x10@\x00\x01\x04\x10(\x98\x00\x05`\xc1\
^Xa\x97\xcb\xc2\x11@\x00\x01\x04\x10@ 7\x02\
\x14\x80\xb9y\x15,\x04\x01\x04\x10@\x00\x81\xf2\x09\xb0\
\xa3|\x0aP\x00\xe6\xf3\xbd\xb0*\x04\x10(\x81\xc0\x8a\
U\x0b\xc4\x95\xd0-\x86\x9e\xe9\x0a\xbd?\xed\xfa\xed\xf3\
\xec\x995\xdb\xb6\xf3\xfb\xfa\xed\xf8\xd0v\xbb\x9fg\xd7\
k\xbdl\xbf\xafm\xd7o\xdbi\xef\xf7\x8d\x8f\xdd\xff\
\xf0\xc6~\xc92\xbe\xf5^x\xd1\xcb\xc4\x95\xb3\xcf9\
^\x5c\xb1\xdf\x13\xe8{^\xbb\xfb)\x00\xdb-\xce\xf3\
\x10\xa8\x9c\x00\x1bF\x00\x01\x04\x10\xc8\x9b\x00\x05`\xde\
\xde\x08\xebA\x00\x01\x04\x10@\x00\x01\x04\x22\x0b\xb4\xa5\
\x00\x8c\xbc\x07\xa6G\x00\x01\x04\x10@\x00\x01\x04\x10H\
!@\x01\x98\x02\x8b\xa1\x08 \x80@\x1a\x81\xe4\xbb\x05\
]I3WA\xc7\x16z\xd9\xf6\x0c\x9e\xafm7\xbb\
\xe2\x05KD\xc7\xf6\xa7m\xa7}~\xda\xf9\xd3\x8e\xd7\
\xdf\x09\x98\x5c\xdb\xfb\x93\xef\x02\xd4\xb1\xfd\xc9w\x01\xa6\
\x89\xbd_\xcf=\x95\xeb\xaf\xdf\xf4}\xd1\xb1\xf3e\xdd\
~\xfb\x15o\x17\x9d\xac\xe7\x0f\x9d\x8f\x020T\x90\xfb\
\x11@\x00\x01\x04\x10@\x00\x81\x82\x09P\x00\x16\xec\x85\
\x15n\xb9,\x18\x01\x04\x10@\x00\x01\x04r'@\x01\
\x98\xbbW\xc2\x82\x10@\x00\x01\x04\x10(\xbe\x00;\xc8\
\xb7@\xf4\x02p\xd9\xe2\xfaQ1S\x1b\xd84\xd7\x95\
\xbd\xdb\x1e\x924\xd9\xb3\xed\x11qe\xe7\xb6\xa7$f\
\x86\xc7\xe6K\xcc\x8c\x8d\xcd\x12\x9d\xe6\xd8\x0c\x09I\xcf\
\xecnq\xe5\xc8\xd5\xf3$f\x1e\xdb\xbaO\xb2\xccS\
\x9bw\x8b+\x1b7\xf5IH\xfaw\xed\x13W\xe6u\
\x8fI\xcc\x9cx\xc2\x1a\xc92K\x17\xcf\x17Wz\xba\
gHH\xf6\x0f7\xc5\x95\xfb\x9f\xdc+!\xf1\xfd\xf1\
|\xf37\xd6\x89\x8e=\xcfg\xef\xf7\xf5\xdb\xf1i\xdb\
i\xbf\xc7-\xed\xfc\x8c\x0f\x13\xd0\xe7\xfd\x92k;\xdb\
\xb6\xa7w\x8a\x8e\xed\xb7m\xfb\xbe}\xed-\x0f}S\
t\xec|\xa1m\xdf\xf3\x93s\x80:\xf6yS9\xa7\
\x97f\x8c\x9d\xdf\xd7\x9e\xd1=St\xec\xb3\xde\xfc\x92\
y\x92&\xef\xfe\xb9\xa3eR\xde\xf8Ry\xb7\xca\x9b\
_q\x9c\xe8\xf8\xd6\xd7\xee\xfe\xe8\x05`\xbb7\xc4\xf3\
\x10@ /\x02\xac\x03\x01\x04\x10@ \xaf\x02\x14\x80\
y}3\xac\x0b\x01\x04\x10@\x00\x01\x04\x10\x88$\x10\
\xb5\x00\x8c\xb4f\xa6E\x00\x01\x04\x10@\x00\x01\x04\x10\
\x08\x10\xa0\x00\x0c\xc0\xe3V\x04\x10@@\x0b\xd8\xbf\xf7\
W\xf7u\xe2Z\x9f\x07ku\x1dqM-\xa7\xb6g\
\xc8Z\x0er\xfc\xd0\xee\xc114J\xd7Y\xaf\xfde\
q\xc5>\xf4\x9e\xaf}Vt\xec\xfam\xdb\xde\x9f\xb6\
\x1d\xea\x9b\xf6y\xbe\xf1\xfa<`\xabk\xdf\xfd7\x5c\
\xfd\x16\xd1\xf1\x8d\x0f\xed\x7f\xd7\x87n\x16\x1d\xdf|z\
\xec\x81\xeb\x0f\xfe_y\x97#\xbe\xf9\xda\xddO\x01\xd8\
nq\x9e\x87\x00\x02\x08 \x80\x00\x02\x08tX\x80\x02\
\xb0\xc3/\xa0\xb4\x8fgc\x08 \x80\x00\x02\x08 \x90\
[\x01\x0a\xc0\xdc\xbe\x1a\x16\x86\x00\x02\x08 \x80@\xf1\
\x04Xq1\x04\xa2\x17\x80sf\xd5\x16\xc5Lmt\
\xcfLWF\xf6=+i2\xb4o\xa7\xb8\xb2\x7f_\
\xbf\xc4L\xa39Kb\xa6\xd9\x9c!:\xd2\x1c\xff\x15\
\x08\xc8\xcc\x193\xc4\x95E\x0bgI\xcc\xec\xda;\x22\
Y\xa6o\xcf\x90\xb8\xb2{\xf7\x90\x84dppX\x5c\
\xe9\xeejJ\xcc,]\xbaP\xb2L\xcf\x9cnqe\
fW\x97\x84dtL\xc4\x95\xed\xfd#\x12\x12\xfb\xc7\
t\xde\xce\xf0\xd9\xf5\xf9\xdaY\x9f)\xf3=\xaf\xdd\xfd\
i\xcf\xb85\x9aC\xe3\x7f\x9eN=\xae\xf3}I\x9f\
\xdd\xef\x9d_}\xbf\xb82\xd6\xb8O\x5cy\xd3{\xae\
\x11\x9d\xa2\xbf?\xfb~l\xdb\xfa\xe9\xf3}\xad\xae\xeb\
\xb5\x15\xa2\xf3w\x97wKH\xec\xf3}\xed\x03\xe7\xfa\
\xcc\xb9@\xfd\xb3\xb4k\xf1=\xaf\xdd\xfd\xe3\xff\xeb\xdf\
\xeeG\xf2<\x04\x10(\xb7\x00\xbbC\x00\x01\x04\x10\xc8\
\xbb\x00\x05`\xde\xdf\x10\xebC\x00\x01\x04\x10@\x00\x01\
\x042\x16\x88R\x00f\xbcF\xa6C\x00\x01\x04\x10@\
\x00\x01\x04\x10\xc8P\x80\x020CL\xa6B\x00\x01\x04\
\xaa,\xb0\xea\xe4\x0bD\x9f\xfbJk\xe1;\x03g\xfb\
}g\xfc|\xcf\x7f\xd1E\xffCt\xec\xf8\xbbn\xfa\
'q\xc5\x8e\x0fm\xeb\xf3\x80\xc9\xb5\xdd\xafm\x87>\
\xaf\xdd\xf7\xeb\xdf\x8d\xe4Z\x9f\xefku\x9d\xf5\xfa\xd2\
\x9e\xd9\xf3\x8d\xcfz}\xed\x9e\x8f\x02\xb0\xdd\xe2<\x0f\
\x01\x04\x10@\x00\x01\x04\x10\xe8\xb0\x00\x05\xbc\xebL\x83\
\x00\x00\x10\x00IDAT`\x87_@\xe9\x1e\xcf\x86\
\x10@\x00\x01\x04\x10@ \xf7\x02\x14\x80\xb9\x7fE,\
\x10\x01\x04\x10@\x00\x81\xfc\x0b\xb0\xc2b\x09P\x00\x16\
\xeb}\xb1Z\x04\x10\x88(\xb0m\xcbn\xd1I\xfb(\
}or\x9d\xf6\xfe\xb4\xe3\x93sT:i\xef\x8f=\
^\xaf-\xb9\xf6=/\x19\xa3c\xcf\xbc\xd93\x7f\xbe\
\xf9|\xfd\xae\xf3}I_\xb3\xb9^\x5c\xb9\xe7\x89\x9a\
\x84\xc4\xb7>_\xbf\xf5\xf1\x8d\xcf[\xbf~\xd7S\xb9\
\xae-\xbb\x5c\xd2$o\xfb\x1d_{-Mb\xaf\x9f\
\x020\xb60\xf3#P\x19\x016\x8a\x00\x02\x08 P\
\x14\x01\x0a\xc0\xa2\xbc)\xd6\x89\x00\x02\x08 \x80\x00\x02\
\x08d$\x90i\x01\x98\xd1\x9a\x98\x06\x01\x04\x10@\x00\
\x01\x04\x10@ \xa2\x00\x05`D\x5c\xa6F\x00\x01\x04\
\xda)`\xcfQ\xb5\xf1\xd9\x95x\x94=\xef\x17\xba\xe9\
\xdf\xbf\xf2\xe7E\xc7\xce\x97|\x17\xa0\x8e\xed\xb7m{\
&\xd0\xb6\xed\xf8\xa2\xb5\xed\xef\xb7m\xdb\xfd\xd4\xcc\x99\
A\xdb\x9f\xb6=>_\xaa3|v|\xda\xe7\xc5\x1e\
O\x01\x18[\x98\xf9\x11@\x00\x01\x04\x10@\x00\x81\x9c\
\x09P\x00\xe6\xec\x85\x14v9,\x1c\x01\x04\x10@\x00\
\x01\x04\x0a#@\x01X\x98W\xc5B\x11@\x00\x01\x04\
\x10\xc8\x9f\x00+*\xa6@\xf4\x02p\xff\xe0h\x7f\xcc\
\xcc\xec\x9e5\xe2\xca\xfc\x05\xf3%M\x16/^$\xae\
\xacZ\xb1Lbf\xf9\xe1+$f\x96\xad\x5c):\
KW\xae\x94\xa5+\xa7\x9f\x85K\x96\x89+\xdd\xb3\xe7\
K\xccl\xde\xbaG\xb2L\x7f\xdf\x80\xb82\xb0w\xbf\
\x84\xa4\xd6l\x8a+\xcb\x97\xcd\x97\x98\xe9\xed\x1b\x92,\
\xb3\xb5oX\x5cyf\xd7\xb0\x84\xa4o\xdf\xa8\xb8\x12\
\xfa\xc7\xee\xaf\xff\xca\x99\xa2\x13:_\xde\xee\xf7\x9d\x91\
\xcaz\xbd\xf6\xcc\x99mg\xfd\xbcv\xcfw\xd6\xd1M\
\xd1\xc9\xfa\xf9\xfa<`rm\xe7\xd7\xe7\x01\x93k\xdb\
o\xdb\xaf\x7f\xd7\x1f\x8bN\xd9\xde\x87\xdd\xaf\xef\xf7\xbd\
\x16x&\xb0\xd9\xbb\xb6\x99&v}ykG/\x00\
\xf3\xb6a\xd6\x83\x00\x02Y\x0b0\x1f\x02\x08 \x80@\
\xd1\x04(\x00\x8b\xf6\xc6X/\x02\x08 \x80\x00\x02\x08\
 \x10(\x90I\x01\x18\xb8\x06nG\x00\x01\x04\x10@\
\x00\x01\x04\x10h\xa3\x00\x05`\x1b\xb1y\x14\x02\x08 \
Pd\x81\x16g\xac&m\xc7\xd7?ip\x8bF\xbb\
\xcf\xa85\x9b\xeb\xc5\x95\x16Kl\xeb\x8f\x92s\x80:\
\xbe\x87'\xe7\x02uz\xe6\xcc\x12\x1d{\xbf\xf5\x0em\
\xdb\xf9;\xdd\xf6\xfd>\x86\x9e\x09\xf4\xed\xcfw^\xd0\
w\x7f\xec\xfez\xec\x070?\x02\x08 \x80\x00\x02\x08\
 \x80@\xbe\x04(\x00\xf3\xf5>\x8a\xb7\x1aV\x8c\x00\
\x02\x08 \x80\x00\x02\x85\x13\xa0\x00,\xdc+c\xc1\x08\
 \x80\x00\x02\x08t^\x80\x15\x14[ z\x01\xb8c\
\xc7\xbeM13w\xc1\xe2\xfd\xae\x1c\xf1\x82\xd5\x92&\
\xc7\x1d{\xb4\xb8r\xce\x19\xa7J\xcc\x9c~\xce\xe9\x12\
3'\x9f}\xa6\xe8\x9cx\xe6\xd9\x12\x92#_x\xb2\
\xb82o\xc9j\x89\x99;\xef}F\xb2\xccSO\xed\
\x10W\x9e\xdd\xde'!\xa95\x1b\xe2\xca\xa9\xa7\xac\x92\
\x98yx\xe3\x1e\xc92\xf7=\xb1O\x5c\xb9\xe7\x89\x01\
\x09\xc9\x93\xdb\x87\xc5\x95z\xbd&!\xf9\xe7\x7f\xfb\x91\
\xe8H\xc9\xff\xe3;\x13\xe5\xdb\xbe=#f\xc7\xfb\xfa\
C\xc7\xdb\xfb\xdb\xdd~\xea\xd9\xba\xe8,\x99_\x13\x9d\
v\xafG\x9f\xf7K\xae}\xcf\xd7\xdf\x09\x98\x5c\xdb\xf1\
\xcd\xde\xb5\xa2c\xfb}\xed\xb4\xef\xdf7_\xd6\xfd\xf6\
\xf7\xdf\xb6\xed\x99\xc0\xd0v\xd6\xeb\xcfz\xbe\xe8\x05`\
\xd6\x0bf>\x04\x10\xc8\x8b\x00\xeb@\x00\x01\x04\x10(\
\xaa\x00\x05`Q\xdf\x1c\xebF\x00\x01\x04\x10@\x00\x01\
\x04\xa6)\x10T\x00N\xf3\x99\xdc\x86\x00\x02\x08 \x80\
\x00\x02\x08 \xd0A\x01\x0a\xc0\x0e\xe2\xf3h\x04\x10(\
\xb6\xc0\x8aU\x0bD\xa7\xd8\xbbI\xb5\xfai\x0d\xce\xfb\
\x19\xb1im\xaa\x837\xbd\xfdm\x17\x88\x8eo)\xf7\
\xff\xe0\x0e\xd1Ys\xfaE\xa2s\xe4\xab\xbf$:\xba\
\xaf\xd5\xb5>/\xd8\xea\xda\xbe\xef\x15/X\x22:\xbe\
\xf5\xda~}\xefT\xae7\x7f\xf7\x12I\x93V{\x08\
\xf9\x99]\x7f\xde\xda\x14\x80y{#\xac\x07\x01\x04\x10\
@\x00\x01\x04\x10\x88,@\x01\x18\x19\xb8\xb4\xd3\xb31\
\x04\x10@\x00\x01\x04\x10(\xac\x00\x05`a_\x1d\x0b\
G\x00\x01\x04\x10@\xa0\xfd\x02<\xb1\x1c\x02\x14\x80\xe5\
x\x8f\xec\x02\x01\x04\x10\x88.\xd0h\xee\x97\x90\xdc\xf0\
\x99\x7f\x13\x1d\xbb\xe0{\x1e\xbfMt\x1a\xcd\xa1\xf1\xe7\
=\x1f;>\xb4]\xab\x9d :\xa1\xf3\xa5\xbd\xffO\
\xff\xf2\xf3\xa2\xe3\xbb_\xff\xbd\xc0\xc9\xb5o\xbc\xed\x7f\
\xf1\xab^!:\xa7\xbd\xf4\xa7Dg\xe3}7I\x9a\
\xf8\xbe'\xcf\x9e\x9f\xb3\xeb\x99\xca9>=\xc6\xdeo\
\xdbw\xff\xf3+E\xc7\xf6w\xba=\xeeU\xd3\xe9\xf4\
z(\x00;\xfd\x06x>\x02\x85\x13`\xc1\x08 \x80\
\x00\x02E\x17\xa0\x00,\xfa\x1bd\xfd\x08 \x80\x00\x02\
\x08 \x80@J\x81i\x15\x80)\x9f\xc1p\x04\x10@\
\x00\x01\x04\x10@\x00\x81\x1c\x09P\x00\xe6\xe8e\xb0\x14\
\x04\x10@ \xa6\x80\xfd^6\xfb,\xdf\xf9>\x91\xfa\
\xf8-\xc9\xffl\xfc8\xe3\xcd\x88\xff\xdc\xfb\xc4\x8fD\
\xe7\xe0Gm\x1a\xff\xd1\xd4\xd3\xbf\xf3\x1eqe|\xb2\
I\xff<\xf5l]t&uf\xd0\xf8\x93\xf7]\x22\
:\xa1S\xea\xef\x04L\xae_\xfe\xd3\xa7\x8b+\xf6y\
\xaf\x7f\xd7\x1fK\x9a\xd8\xfb}m}>/\xc6\xb5\xef\
\xf9\xb1\xfb\xf5\xf9\xbeV\xd7\xb1\x9f\x9fv\xfe\xe4\xbf\xc5\
i\xefa<\x02\x08 \x80\x00\x02\x08 \x80@\x81\x05\
(\x00\x0b\xfc\xf2:\xb2t\x1e\x8a\x00\x02\x08 \x80\x00\
\x02\x85\x17\xa0\x00,\xfc+d\x03\x08 \x80\x00\x02\x08\
\xc4\x17\xe0\x09\xe5\x12\xa0\x00,\xd7\xfbd7\x08 \xd0\
F\x81m[v\x8bN\x1b\x1f=\xa5G\xa5=\xf3'\
\x92\xfcO\x82+\xf6\xb1fl\xf3)\x11G.{\xd3\
\x99\xa2\xa3\xbf\xf3/\xb9\xb6\xb3\x1f\xdc\xb6\xe7\xfd&\x8f\
h6\xf7\x89\xce\xe4^\x7fk\xf7\xae\x01\xd1\xf1\xdfQ\
\xae\x11o\xfe\xc5\x97I\x9a\xd8\xf3\x82V\xa3\xb6\xecr\
\xd1\xb1\xfdyk\x8f\xafu\xd2\xf7\xf4\xa5m\xe7m?\
\xbe\xf5\xd4}\x03\xe8G\x00\x01\x04&\x04\xf8D\x00\x01\
\x04\x10(\x8b\x00\x05`Y\xde$\xfb@\x00\x01\x04\x10\
@\x00\x01\x04\xa6(\x90\xaa\x00\x9c\xe2\x9c\x0cC\x00\x01\
\x04\x10@\x00\x01\x04\x10\xc8\xb1\x00\x05`\x8e_\x0eK\
C\x00\x01\x04\xd2\x08\x84\x9f\xf9;\xe4\xd3Zw4\x9f\
\x10\xd1i=\xea\x90?=\xe3\xa8\x85\xe2\x8a\xbd\xf1\xab\
\xf7l\x13\x1d\xdb_\xab\xcd\x15\x1d\xdb\xbfp\xc92\xd1\
\xb1\xfdUo/[\xb6X\xd2\xc4z\xd93\x81\xb6]\
Ky&\xd0\x8eO\xdb\xb6\xeb\xa3=Y\x80\x02p\xb2\
\x07-\x04\x10@\x00\x01\x04\x10@\xa0\xf4\x02\x14\x80\xa5\
\x7f\xc5\x19m\x90i\x10@\x00\x01\x04\x10@\xa04\x02\
\x14\x80\xa5y\x95l\x04\x01\x04\x10@\x00\x81\xec\x05\x98\
\xb1\x9c\x02\xd1\x0b\xc09\xf3\x17\xf6\xc7\xcc\xc0X\xcf\x88\
+}\x83=\x92&\xbb\x86\xe6\x88+;\xc7fK\xcc\
|\xf6+wK\xcc|\xf9\xc6[E\xe7\xab7~W\
B\xf2\xbd\xef\xde!\xaelx\xe4I\x89\x99\xd9s\x17\
J\x969|\xf5a\xe2\xca\xd1\xc7-\x97\x90t\xf5\xcc\
\x11W~\xf0@\x9f\xc4\xccm\xf7=+Yf\xe3\xf6\
}\xe2\xca\xce}\xc3\x12\x92\xcd\xbd{\xc5\x95\x07\xd6m\
\x93\x90\x14\xfd\x8fu{\xe6\xaf\xd1\xdc/\xae\x1c\xfc=\
\x7fF@\x9f\xe7\x9b\xca\xb5\xb9\xbd\xec\xcd\x1d\xbb\x1b\xa2\
c\xf7\xbbd~M\xd2\xc4\xdeo\xdb[zw\x8b\xce\
\xdd\xeb\xb7\x88\x8e\x1d\x9f\xb6\xfd\x9a\x0b\x7fJt\xd2\xde\
\x1f:\xdew\xa6\xcf\xce\xbf\xe6\xf4\x8b\xc4\x15;\xde\xce\
o\xfbm\xbb\xd9\xbb\xb6\xa9c\xfb\xcb\xd6\x8e^\x00\x96\
\x0d\x8c\xfd P=\x01v\x8c\x00\x02\x08 P6\x01\
\x0a\xc0\xb2\xbdQ\xf6\x83\x00\x02\x08 \x80\x00\x02\x08x\
\x04\xa6T\x00z\xe6\xa0\x1b\x01\x04\x10@\x00\x01\x04\x10\
@\xa0@\x02\x14\x80\x05zY,\x15\x01\x04\xaa-\xe0\
;\xf3w\xf0\x19\xbf\xe4\x8fx\x1d\xe3g\xcf\xf9\x99n\
\x11\x09\xfa\xc9\xa6g\x87%M\xbeu_\xbf\xe8<\xbb\
[D\xc7.F\x7f'`rm\xfbC\xdb\xfa\xbc_\
r}\xd8\x82\xba\xe8\x84\xce\xaf\xcf\xf7\xb5\xba\x0e\x9d\xff\
\x84c\x96\x8bN\xe8|_\xfb\xf6\x83\xa2\xf3\x95\x1b\xfe\
Lt\xee\xff\xc1\x1d\xa2\xa3\xfb\x92k\xfb\xfc\xf7|\xe4\
\x93\xa2c\xcf\xf7\xe9\xbe\xe4z\xcdI'\x8b3)\xcf\
\x08\xda\xf5T\xad\x9d\xfc\xc9P\xb5=\xb3_\x04\x10@\
\x00\x01\x04\x10@\xa0\xd2\x02\x14\x80\x95~\xfdS\xd8<\
C\x10@\x00\x01\x04\x10@\xa0t\x02\x14\x80\xa5{\xa5\
l\x08\x01\x04\x10@\x00\x81p\x01f(\xb7\x00\x05`\
\xb9\xdf/\xbbC\x00\x81\x02\x0b\xf8\xcf\xfc\xd9\xcd5\xc6\
\x7f\xa0b\xcf\xf8\xd9\xf6\xf8\xe8N\xfe\xb3~\xcb~\xd1\
\x09]Kr\x0e0M6\xec\xea\x11WB\xd7\x13z\
\xff\xd6\x9d{E't>}\x1e\xb0\xd5u\xda\xf9/\
\xbc\xec\x0fE\xc7\xde\xef;\xd3g\xc7_\xf2\xb67\x89\
\x8e\xed\xefY0[tl\xbfm\x9f\xf1\xd2sE\xc7\
\xf6W\xbdM\x01X\xf5\xdf\x00\xf6\x8f\xc0!\x05\xe8@\
\x00\x01\x04\x10(\xab\x00\x05`Y\xdf,\xfbB\x00\x01\
\x04\x10@\x00\x01\x04\x0e!\xe0,\x00\x0fq\x0f?F\
\x00\x01\x04\x10@\x00\x01\x04\x10(\xb0\x00\x05`\x81_\
\x1eKG\x00\x01\x04\x22\x09\x1c\x98\xd6~\x87\x9f\xfe\x8e\
\xbe\xe4\xda\xf6\xdb\xb6>\xdf\xd7\xea\xfa\xc0C\x0a\xf4\x91\
|\x17`\x9a|\xf3\xce\xcd\xe2\x8a>\xdf\xd7\xea:6\
\xcd\xecZ\x97\xe8\xd8\xe7\xe9\xef\xfcK\xaem\xbfm\xeb\
\xf3{\xad\xae\xed\xf8;o\x7fP\x5c\xf9\xfc\xa7?'\
:\xb3\xea3DG\x9f\x07L\xae\xed\xfc\xb4\xdd\x02\x14\
\x80n\x1fz\x11@\x00\x01\x04\x10@\x00\x81\xd2\x09P\
\x00\x96\xee\x95f\xb4!\xa6A\x00\x01\x04\x10@\x00\x81\
\xd2\x0aP\x00\x96\xf6\xd5\xb21\x04\x10@\x00\x01\x04\xd2\
\x0bpG5\x04(\x00\xab\xf1\x9e\xd9%\x02\x08\x14@\
 \xf5\xf7\xfe5\x9f\x12q\xc5\xb3g{f\xcf\xb6=\
\xb7O\xfa\x0e\xbf2\x9c\xf1\xf3\xed\xf7\x9eG\x9e\x914\
\xf1\xcd\x17\xda\x9f\x9c\xcb\xd3\xd1\xe7\xf9\xa6r\xfd\xc5o\
\xdd':z\xae\xe4:\xed\xfa\x1ez\xf81I\x93\xe4\
\xdc\x9e+\xfa;\xfc\x92k\xbb\x9e\x87o\xbb[tl\
?m\xb7\x00\x05\xa0\xdb\x87^\x04*(\xc0\x96\x11@\
\x00\x01\x04\xca.@\x01X\xf67\xcc\xfe\x10@\x00\x01\
\x04\x10@\x00\x01#\xd0\xb2\x004ch\x22\x80\x00\x02\
\x08 \x80\x00\x02\x08\x94H z\x01\xd8Uk^\x17\
3\x0b{j\x7f\xec\xca\xca\xc5\xf2\xde49fe\xf3\
:W\xce~\xc1\xc0\xed1\xb3|\xc6\xd3\x123\xf3d\
\x9b\xe8\xcc\x1a\xeb\x95\x90,\x9c\xb9G\x5cYsX]\
bfxxH\xb2\xcc\x9e\xbd\xc3\xe2\xca\xae\xfea\x09\
\x89k\xee\xa4oxtDbf\xe9\xd2\x1e\xc92\x0d\
\x11qe\xcf\xc0\xb8g@\xf6\x0f\x8d\x89+\x8dF]\
B2\xbe\xfc\x8e\xfe\x13|\xe6/\xe5\xea\x93\xef\xee\xd3\
iq{G\x7f4\xdc\x18\x13W\xec\xe2\x96/\x98'\
:\xb6\xbf\xe8\xed\x87\xd6m\x12W\xec\xfe\xbeh\xce\xf4\
\xf9\xda\xf6~_\xfb\xde\x07\x1e\x13\x9d\x91Q\x91,\xa3\
\xcf\xf3%\xd7\xbe\xf5$\xe7\x02]\xf1\xdd_\xf5\xfe\xe8\
\x05`\xd5\x81\xd9?\x02\x08 \x80\x00\x02\x08 \x907\
\x01\x0a\xc0\xbc\xbd\x91N\xaf\x87\xe7#\x80\x00\x02\x08 \
\x80@\xe9\x05(\x00K\xff\x8a\xd9 \x02\x08 \x80\x00\
\x02~\x01FTK\x80\x02\xb0Z\xef\x9b\xdd\x22\x80@\
\x0a\x81\x1f~\xe7\xaf$\xcb\xd83\x7f\x1b\xb7\xdf':\
\x9bz\x1f\x15W|K\xb7\xdf\xe3g\xdb\xbe\xfb\xd3\xf6\
?\xb1\xa5O\xb2\x8c\xef\xf9\x9b\xb7\xee\x11\x1d\xfb\x9d|\
\xbao*\xd7\xf6~_\xdb\xb7\xbe\xd0\xfe\x1f\xde\xfd\xb8\
\xe8\xec\xde?,Y&\xed\xfa\xf4y\xbf\xe4:\xed\xfd\
\xbe\xf1\x8f\xddu\xb7\xe8\xd8\xf3|\xbe\xfb\xd3\xf6\xbf\xe1\
\xfd[E'\xed\xfde\x1bO\x01X\xb67\xca~\x10\
\x98\xb6\x007\x22\x80\x00\x02\x08TE\x80\x02\xb0*o\
\x9a}\x22\x80\x00\x02\x08 \x80\x00\x02\xcf\x09L*\x00\
\x9f\xfb\x19\xffB\x00\x01\x04\x10@\x00\x01\x04\x10(\xb1\
@\xf4\x02p\xd1X\xe3\xb6\x98y\xd9\x19]\xdfv\xe5\
\xd5\xe7\xcc\xfez\x9a\x9cst\xf3\x87\xae\x1c\xbfrh\
s\xcc\xcc\xed\xda-1\xd3-{EgFs@B\
2\xab>,\xae,\xec\xa9I\xcc4\xc6\xc6$\xcb\x0c\
\x0d\x8f\x89+\x83Cc\x12\x92\xe1\x91\x86\xb8\xd2h4\
$f\xe6\xf6tK\x96i\x8e\xff\xe1\xe8\x8ak\xafS\
\xe9\x1b\x1dm\x8a+\x225\x91\x80\xf8\xce\xf7I\xc6\xff\
\xd1\xe7\xfd\x92\xeb\xb4\xd3\xdb3}\xb6\xed\x9b\xef\x84U\
sDG\x8d\x9f\xd2\xa5=\xef7\xa5\x9bR\x0c\xf2\x9d\
\xdbK1U.\x87\xea\xf3}\xad\xae\xd3.\xfa\x89\xc7\
\x9e\x964I\xce\xf1\xa5\x89o=\xfa\xfc^r=2\
0(\xae$ctb\x9f\xf9\xf3\xad\xbf\xea\xfd\xd1\x0b\
\xc0\xaa\x03\xb3\x7f\x04\x10@\x00\x01\x04\x10@ o\x02\
\x14\x80y{#\x9dZ\x0f\xcfE\x00\x01\x04\x10@\x00\
\x81\xca\x08P\x00V\xe6U\xb3Q\x04\x10@\x00\x01\x04\
\x0e\x16\xe0'\xd5\x14\xa0\x00\xac\xe6{g\xd7\x08 0\
.\xf0\x92W\xfe\xae\xb8\xb2f\xf9\xe9\xd2\xce\xdct\xe7\
3\x92\xe7\x8c\x93\xe5\xfa\x9f?\xf8\xcd\x0f\x88\xce_\x7f\
\xf8\x9f\xc5\x95/\xdd\xf8}ig\xb6o\xd9*:i\
1\xedy\xbf\xb4\xf7\xa7\x1d\xaf\xcf\xeb\xb5\xba\xb6g\xf8\
6\xae{H\x5cI\xfb|;\xfe\xde\x1f\xdc.ib\
\xef\xff\xd25+E\xc7\xf6\xdbv\xb3wmS\xc7\xf6\
\x17\xbdM\x01X\xf47\xc8\xfa\x11\x08\x16`\x02\x04\x10\
@\x00\x81\xaa\x09P\x00V\xed\x8d\xb3_\x04\x10@\x00\
\x01\x04\x10\xa8\xbc\xc0\x81\x02\xb0\xf2\x0a\x00 \x80\x00\x02\
\x08 \x80\x00\x02\x15\x12\xa0\x00\xac\xd0\xcbf\xab\x08 \
\x90N`\xd5\xc9\x17H;\xf3\x9b\xaf{\xad\xb8r\xeb\
\xf7\x1f\x11W\xd2\xed\xee\xc0\xe8\xa0\x8f\xbf\xf8\x83\xbf\x96\
\x90\x5c\x7f\xed\xa7\xc4\x15}\x9eo*\xd7+\x8f;N\
t|\x9b\xeb\xdb\xb1Gt|\xe3\xb3\xee\xb7g\xfa|\
m\xd7w\xec\xb5\xea\x9b\xd7=CBb\xcf\xf8\xd9\xb6\
\xf5\xb0\xfd\xbe\xb6\xbd\xdf\xb6\xedy?\xdb\xbf\xe6\xa4\x93\
E\xc7\xf6\xdb\xf6\x1b\xde\xbfUtl\xbf\xaf\xad\xcf\x03\
&\xd7\xbe\xf1y\xef\xaf\xe7}\x81\xac\x0f\x01\x04\x10@\
\x00\x01\x04\x10@ [\x01\x0a\xc0l=\x8b7\x1b+\
F\x00\x01\x04\x10@\x00\x81\xca\x09P\x00V\xee\x95\xb3\
a\x04\x10@\x00\x01\x04D0\xa8\xb6\x00\x05`\xb5\xdf\
?\xbbG\x00\x81\x1c\x09\xd8\xf3\x86vi\x9f\xbe\xe6J\
q\xc5\x8e\xcf\xbam\xcf'>z\xef\x7fI\x9a\xcc^\
\xb8Pf/|>[\x1e\x7fRt\xeczW\x1ds\
\x94\xa4\xc9\xd6\x0d\x1bD\xe7\xc1\xef\xfc\x93\xb8b\x9f\xa7\
\xcf\x03N\xe7\xfa\xc6\xb5\x7f*ir\xf3?~Ht\
\xec9>\xdd\x97\x5c\xdf\xf2\x99\xbf\x12\x9d\xc5\x8b\xe6\x89\
+v\x7fEk\xfb\xce\x10\xda\xbd\xdb\xf1\xbe\xfd\xea\xf3\
\x80\xad\xae}\xf7\x17\xbd\x9f\x02\xb0\xe8o\x90\xf5#0\
m\x01nD\x00\x01\x04\x10\xa8\xaa\x00\x05`U\xdf<\
\xfbF\x00\x01\x04\x10@\x00\x81j\x0a\x8c\xef\x9a\x02p\
\x1c\x81\x7f\x10@\x00\x01\x04\x10@\x00\x81*\x09\xc4/\
\x00\x8f\xdb9&13\xd8\x18\x10W\x9a\x8d~I\x91\
Qi\x0c\xba\xd2h4g\xc6\xcc\xf6\xfeQ\x89\x99\xbe\
}c\xa2\xb3g\xff\x98\x84\xa4o\xdf\xe8\xf8|\x87\xce\
\xd6]C\x123\xf3\xe6\xf6H\x969\xf1\xf85\xe2\xca\
9g\x9d(!9\xe1\xb85\xe2\xca\xbc\x9e\xb9\x123\
;\x9f\xed\x97,\xd3\xdf7 \xae\xec\xde=(!\xd9\
\xbboH\x5c\x19\x1c\x1c\x91\x90\xe4\xfd\x0f{{&\xd0\
\xb6\xed\xfa\xed\x19=G\xdb\xf9}\x83\x87\xba\xcf>\xcf\
\xd7>\xed\xbc\xb7\x88\x8eo\xbc>\x0f\x98\x5c\xbf\xf3w\
\x7f]\x5cy\xd9k^.:;6\xfd@t|^\
\xfa<]\x16\xd7\xbe\xfd\xf9\xfa\xed\x1a|\xe3\xbf|\xc3\
\x07\xc5\x95/]\xb3Rt\xf6\x0e\x8f\x8a\x8eo\xfe\xac\
\xfb\xf5Z\xa6rm\xbf\x07\xb0\xdd\xed\xac\xf7\x9f\xb7\xf9\
\xe2\x17\x80y\xdb1\xebA\x00\x01\x04\x10@\x00\x01\x04\
*.@\x01X\xd5_\x00\xf6\x8d\x00\x02\x08 \x80\x00\
\x02\x95\x15\xa0\x00\xac\xec\xabg\xe3\x08 \x80\x00\x02U\
\x14`\xcf\x08$\x02\x14\x80\x89\x02A\x00\x01\x04\x0a(\
`\xcf\xb8\xa5mg\xbdeL6\xfc\x15\x00\x00\x10\x00\
IDAT}\xde/\xb9\xf6\xcd\x7f\xfc\xb9g\x8b\x8e\
o\xbc\xaf\xdf\xee\xdf7\xde\xf6\xfb\xee\xb7\xfdi\xdb\xbe\
\xe7\x85\xceg\xe7\xb7\xedo\x7fx\xb5\xe8\xd8sxv\
|h;t\xfe\xa7\xbe\xf5\x06\xe9dB\xf7\x9f\xf7\xfb\
)\x00\xf3\xfe\x86X\x1f\x02\x99\x0b0!\x02\x08 \x80\
@\xd5\x05(\x00\xab\xfe\x1b\xc0\xfe\x11@\x00\x01\x04\x10\
@\xa0\x1a\x02j\x97\x14\x80\x0a\x83K\x04\x10@\x00\x01\
\x04\x10@\xa0\x0a\x02\xd1\x0b\xc0Z\xed\x03\xa3Qs\xf8\
o\xf7\xd6\x5c9\xec\xddO\xd7Rdh\xac\xd6\xe7J\
Cd^\xcc<\xb8qPbf\xe3\xf6\x11\xd1\xd9\xba\
kTB\xf2\xe4\xb6Aq\xe5\xbe'wK\xcc\xacZ\
\xbeT\xb2\xcc\x1b.\xfaiq\xe5\xf2\xb7_\x22!y\
\xc3E\xe7\x8d\xcf\x7f\xe8\x1c\xbel\x85\xc4\xccc\x0fo\
\x92,\xf3\xf4\x93;\xc4\x95-\x9b\xfb%$\xdb\xb7\xed\
\x16Wv\xef\x1e\x90\x90T\xe1\x0fy\xb3\xc7\x8e6\xed\
w\xfa\xbd\xe5\xad\xaf\x13\x9d\xab?\xf6~\xd1\xb1\x8b}\
\xe8\xfe'D\xc7\xf6\xfb\xda\xf6\x8c]\xd6\xe3\xd3\xce\xb7\
\xe5\xa1o\x8a\x8e\xef~\xdb\xef\xdbOm\xd9\xe5\xe2\x8a\
\x9d/\xf4\xcc^\xe8\xfdv=\x9dn\x8f\xdb\xd5\x5c\xe9\
\xf4\xfaB\x9f\x1f\xbd\x00\x0c] \xf7#\x80\x00\x02\x08\
 \x80\x00\x02\x08d+@\x01\x98\xadg\xfegc\x85\
\x08 \x80\x00\x02\x08 Py\x01\x0a\xc0\xca\xff\x0a\x00\
\x80\x00\x02\x08 P\x05\x01\xf6\x88\x80\x16\xa0\x00\xd4\x1a\
\x5c#\x80\x00\x02\x15\x12\xf0\x9d!\xf3Q$\xdf\xf5\xa7\
\xe3\x1b\x1f\xbb\xff\xe2\xb7\xbcQt\xf4\xf9\xba\xe4\xda>\
?t\xffv\xbe\xd0v\xb2F\x9d\xb4\xf3\xa5\xddO\xcd\
sF\xd0\x9e\xe9\xf3\xb5\xd3\xae\xd7\x8e\x1f_\x8f\xf3\xcc\
]\xbb\xfb\xed\xfa\xca\xd6\xa6\x00,\xdb\x1be?\x08\x1c\
R\x80\x0e\x04\x10@\x00\x01\x04&\x04(\x00'\x1c\xf8\
D\x00\x01\x04\x10@\x00\x01\x04\xca)\xd0bW\x14\x80\
-P\xf8\x11\x02\x08 \x80\x00\x02\x08 Pf\x01\x0a\
\xc02\xbf]\xf6\x86\x00\x02\x08L\x08L\xe93\xed\x19\
2;\xe9Qg\x9c\x22:\xf6{\xff\xae\xfc\xf9cd\
r^1\xde~>?\xfb\xe25\xe2\xca{\xdf\xf93\
\x92&\xef\xfb\xd8?\x8a\x8e>_\xd7\xea\xda\xee'v\
\xdbz\xdbv\xe8\xf3\xed|\xb6\x1d:\x7f\xda\xfb}g\
\xf8\xd2\xce\xc7\xf80\x01\x0a\xc00?\xeeF\x00\x01\x04\
\x10@\x00\x01\x04\x0a'@\x01X\xb8W6\xcd\x05s\
\x1b\x02\x08 \x80\x00\x02\x08 \xf0\x9c\x00\x05\xe0s\x10\
\xfc\x0b\x01\x04\x10@\x00\x812\x0a\xb0'\x04Z\x09P\
\x00\xb6R\xe1g\x08 \x80@\x05\x04Z\x9d\x83\xd3?\
\xbb\xf8\xcakD\xc7\x92\xe8\xf3~\xc9\xf5\x05\xaf>K\
t\xae\xfc\xf9\xe7\xcf\xf7%\xd7\xf6\xfev\xb7\xf5y\xc0\
\xe4\xba\xdd\xcf\xcf\xdb\xf3\xec\x99@\xdb\xae\x99\xef\x09\x0c\
]\x7f\xb3wmS't>\xee\x0f\x13\xa0\x00\x0c\xf3\
\xe3n\x04\x0a \xc0\x12\x11@\x00\x01\x04\x10\x98,@\
\x018\xd9\x83\x16\x02\x08 \x80\x00\x02\x08 P\x0e\x01\
\xc7.(\x00\x1d8t!\x80\x00\x02\x08 \x80\x00\x02\
e\x14\xa0\x00,\xe3[eO\x08 \x80\xc0\x84\xc0\xa4\
O}\xbe/\xb9\xd6\xe7\xfbZ]\xeb\xf3|\xc9\xf5_\
\x7f\xe1+\xa2\x93\xfcL'9\xe7\xa73\xe9\xe1-\x1a\
\x1b\xb6n\x14\x9d\x16C\xa2\xfe\xe8\xb4\x0b/\x15\x9d\xc4\
D'\xea\xc3\x0b8\xb9=\x13\xe8k\x17p\x8b\x95Z\
2\x05`\xa5^7\x9bE\x00\x01\x04\x10@\x00\x01\x04\
D(\x00\xcb\xfe[\xc0\xfe\x10@\x00\x01\x04\x10@\x00\
\x01#@\x01h@h\x22\x80\x00\x02\x08 P\x06\x01\
\xf6\x80\x80K\x80\x02\xd0\xe8\xac[\xf7\xccC\xae<\xb4\
a\xc7\x07b\xe6w~\xe9\x88/\xc6\xcc{\x7f\xf5\xa8\
'u\xaez\xdb\x0b\x07C\xf2\xfb\x97\x9e9\xec\xcaU\
\x97\xbdFb\xe6\xcf\xae\xbeT\xb2\xcc\xe1G\x1e.\xae\
l\xda\xb5OB\xd2\x983O\x5c9\xeb\xa7_&1\
s\xc9\xa5o\x95,s\xeaO\x9d+\xae\x1c~\xe41\
\xe3\x9e\xd3\xcf\xa2\xa5\xcb\xc4\x95fcDBb\xfe\xeb\
_\xba\xa6>\xcf\x96\x5c\xdbs~_\xfc\xe8\x95\xe2\xca\
\xe4\xbf\xb7\xd7\xfe=\xbe\x07\xb7\xf3\x0e\xb8~\xfdf\xd1\
\xc9\xfbz;\xbd>\xfb\xbd\x80\xb6\xed[\x9f=#h\
\xc7\xeb\xef\x04L\xaem?\xed\xb8\x02\x14\x80q}\x99\
\x1d\x81\x0e\x0a\xf0h\x04\x10@\x00\x01\x04Z\x0bP\x00\
\xb6v\xe1\xa7\x08 \x80\x00\x02\x08 \x80@1\x05\xa6\
\xb0j\x0a\xc0) 1\x04\x01\x04\x10@\x00\x01\x04\x10\
(\x93\x00\x05`\x99\xde&{A\x00\x81B\x0b$\xe7\
\xf42\x8a$\xf3\xf8\xce\xfc\x1d\x8c\xb5e\xfcG:\xe3\
\xcdT\xff\xe8{[]\xa7\x9a,\xf3\xc1'\x9cp\x84\
\xe8\xd8\x07\xe8\xef\x04L\xae\x13\xc34\xd9\xfc\xddK$\
f^\xff\x96\x9f\x96\x90d\xbd\xb6f\xefZI\x13\xeb\
M\xbb\xb3\x02\x14\x80\x9d\xf5\xe7\xe9\x08 \x80\x00\x02\x08\
 \x80@\xdb\x05(\x00\xdbN\xde\xa6\x07\xf2\x18\x04\x10\
@\x00\x01\x04\x10@\xe0\x10\x02\x14\x80\x87\x80\xe1\xc7\x08\
 \x80\x00\x02\x08\x14Q\x805#0\x15\x01\x0a\xc0\xa9\
(1\x06\x01\x04\x10\x88 `\xcf\x97\xfd\xdeG\xffA\
t|\x8f\xb4g\xfc|\xe3\x0f\xee\xb7\xe7\xf4\x0e\x1e\x91\
\xe5O6l\x1d\x15\x9d\xd0\xb9\xbfz\xdbFq\xc57\
\xffk\xdf\xf03\xa2c\xc7_\xfc\xae\xab\xc5\x99+\xaf\
\x11\xfd\x0e\xec\xf7\xde\xd9\xb6\x9d?m\xfb\xef\xfe\xbfe\
\xa2\xe3\xbb_\x8fM\xae}\xe3\xdb\xdd?\xeeS\xd3i\
\xf7\xf3\xab\xfe<\x0a\xc0\xaa\xff\x06\xb0\xff\x12\x0a\xb0%\
\x04\x10@\x00\x01\x04\xdc\x02\x14\x80n\x1fz\x11@\x00\
\x01\x04\x10@\x00\x81b\x08\xa4X%\x05`\x0a,\x86\
\x22\x80\x00\x02\x08 \x80\x00\x02e\x10\xa0\x00,\xc3[\
d\x0f\x08 P\x08\x01{\xe6\xcf\xb7h}\x1e\xb0\xd5\
\xb5\xbd\xff\xe2+\xaf\x99t&\xed\x8b\x1f\xbdRtD\
\xdcg\xfe\xf4\xf9\xbc\xe9\x5c\xdb\xf5\xa4m\xbb\xce\xf3\xb5\
\xeaK;\xff\xd7\xbe\xf4]\xd1Y\x7f\xff\x13\xa2s\xd4\
\xd1kD\xc7\xce\x7f\xc1\xcf\xbeXtl\xbf>\x0f\xd8\
\xea\xba\xb6\xecr\xd1\xb1\xf7\xa7m'\xe7\xfa\x5cI;\
\x9f\x1d?\xbe\xd6Ig\xf4|m{\xbfm\xdb\xfbm\
?\xed\xf6\x0aP\x00\xb6\xd7\x9b\xa7!\x80\x00\x02\x08 \
\x80\x00\x02\x1d\x17\xa0\x00\xec\xf8+\xc8x\x01L\x87\x00\
\x02\x08 \x80\x00\x02\x08x\x04(\x00=@t#\x80\
\x00\x02\x08 P\x04\x01\xd6\x88@\x1a\x01\x0a\xc04Z\
\x8cE\x00\x01\x04R\x08\xf8\xce\xfc\xd9s}v\xeau\
\x8fn\x11W\xbe\xf8\xd1_\x94\xc9\x09;\xf3g\x9f\x9f\
\xb6\xed;7h\xe7\xb3\xe7\xfal\xff\xd3\x9b\xb6KH\
\xec|\xfa|_rm\xfb\x1f{\xf4A\xd1\xb1\xfd\xb6\
}\xc1\xab\xcf\x12W\xecx{.\xb0\x96\xf1\x99@\xfb\
<_{\xfc\xf9\xce3~\xbe\xfbm\x7f\xd6\xf3\xd9\xf9\
ig+@\x01\x98\xad'\xb3!\xd0A\x01\x1e\x8d\x00\
\x02\x08 \x80\xc0\xd4\x04(\x00\xa7\xe6\xc4(\x04\x10@\
\x00\x01\x04\x10@ \x9f\x02\xd3X\x15\x05\xe04\xd0\xb8\
\x05\x01\x04\x10@\x00\x01\x04\x10(\xb2\x00\x05`\x91\xdf\
\x1ekG\x00\x81\x5c\x09\x84\x9e\xf9\xb3\x9b9\xe9\xf8U\
\xa2c\xfbU\xfb\xc0\xe5\xef}\xfc\xf3\xa2s\xe0\x87\x19\
~\xfc\xdd\x7f\xdc)Y&\xed\xd2\xd6\xaf\xdf,!9\
\xe8y\xdd\xdd\x22:f\x80>\x0f\x98\x5c\x7f\xf3[\xf7\
H\x9a\x98\xe9\xe4\xc9\xf5\x1b&\xa5\xddg\x02\xed\x19=\
\xbb>\xda\xd5\x12\xa0\x00\xac\xd6\xfbf\xb7\x08 \x80\x00\
\x02\x08 \x80\x80P\x00\x96\xe5\x97\x80} \x80\x00\x02\
\x08 \x80\x00\x02S\x14\xa0\x00\x9c\x22\x14\xc3\x10@\x00\
\x01\x04\x10\xc8\xa3\x00kB`:\x02\x14\x80Fm\xaf\
\xec\xdd\xed\x8a\x8c\x8e>\x143\xcb\x16\xcf\xad\xc5\xcc\xca\
\xe5K\x86uV\xacX2\x10\x92\xc3\x96-\x1cve\
\xe6\xdc\xd9\x123\xdf\xbb\xe3a\xc92w\xfdh\xbd\xb8\
r\xef}\x8fHH\x1ex`\x83\xb8\xf2\xc8\xc3\x8fK\
\xcc\xc8\xd0.\xc92\xb5\xd1=\xe2Lc@j\x01\x99\
\xd95,\xae\xcc\x9f_\x97\x90\x98\xff\xfa\xa7n\xfa\xce\
\xfc\x9d\xfc\xaa_\x14\x9d\xd4\x0f07\x9cp\xc2\x11\xa2\
\xf3{\x1f\xff\xa1\xe8\x98\xe1\x93\xfa\xf4\xb8\x1f_\xa7=\
\xcfg\xe7O{\x1e\xcf\xde\xef\xfb\x8e?;\xbf\xbd?\
u[\x9f\xf7K\xae\xcd\x04\xc7\x9er\x96\xb8\xf2\xd8\x83\
\xf7\x88\x8e\x0c\x0fK\xaa\x98\xe7\x1dt&\xf0]W\xcb\
\xc5*5\xf3=\x81\xb6m\xa6\xf36\x9b\xbdk\x9b\xae\
x'`@\xa9\x04(\x00K\xf5:\xd9L5\x05\xd8\
5\x02\x08 \x80\x00\x02\xe9\x04(\x00\xd3y1\x1a\x01\
\x04\x10@\x00\x01\x04\x10\xc8\x87@\xc0*(\x00\x03\xf0\
\xb8\x15\x01\x04\x10@\x00\x01\x04\x10(\xa2\x00\x05`\x11\
\xdf\x1akF\x00\x81\x5c\x08\xac:\xf9\x02q\xa5ok\
\xbf\xe8\xfc\xf3\xdf\xfe\xab\xa4\xc9\x8d_\xf8\x8a\xe8\xd83\
q\xeb\xd7o\xce\xf4{\xf1\xd2\xce\x9f\xf6%\xf8\xe6\xff\
\xaf\xcf\xdf(:v~}\xfe\xae\xd5\xb5o|\xaa\xf3\
z\xc3\xc3\x93\xce\xfb%\xcf\xb3\xf3\xa7m\x1fu\xf4\x1a\
q\xc5\xce\xa7\xcf\x03\xb6\xba\x0e=\x13h\x9fg\xcf\x07\
\xda~\xda\xe5\x12\xa0\x00,\xd7\xfbd7\x08 \x80\x00\
\x02\x08 \x80\x80W\x80\x02\xd0K\x94\xf3\x01,\x0f\x01\
\x04\x10@\x00\x01\x04\x10H)@\x01\x98\x12\x8c\xe1\x08\
 \x80\x00\x02\x08\xe4A\x805 \x10\x22@\x01h\xf4\
^\xf7\xba\xeb\x87\x5c9\xefu\x7f\xde\x1b3s\xe7\xcc\
\xaaE\xcd\xdc\xd9csU\x16.\xe8\x19\x0dIO\xcf\
\xec1W\xba\xbagH\xccl\xdc\xb2C\xb2\xcc\x96\xad\
;\xc4\x95m\xdbvHHz{w\x88+;w\xec\
\x92\x98\x91\xb1A\xc94\xcda\x11Gj\xcd\x11\x09I\
W\xad!\xae\xcc\x9aU\x97\x90\xec\xdd\xf2\x94\xe8\xdc\xf9\
\x9d?\x934\xb1\xdf\x03h\xdb\xe6\x8f\x17\xb1\xfd\xbe\xf6\
C\xdf\xfe\x0f\xd1I\xce\xa1\xb9b\x9f\xe7k\xdb3y\
\xbe\xf1\xf6\xd92<\xfe\xfe3\xcc\xb1\xc7\x9f\x22:\x07\
=\xcf,P\x8fM\xae\xed\xf8\xe4g:\xe6voS\
\xdf\xdb\xea\xda7\xc1\x93Ol\x14\x1d\xdfx_\xbf\x9e\
+\xb9>\xed\xc2KE\xe7\xf4_\xbb]\x5c\xf1\xcdO\
\x7f\xb5\x04(\x00\xab\xf5\xbe\xd9m\xa9\x04\xd8\x0c\x02\x08\
 \x80\x00\x02\xd3\x13\xa0\x00\x9c\x9e\x1bw!\x80\x00\x02\
\x08 \x80\x00\x02\x9d\x11\xc8\xe0\xa9\x14\x80\x19 2\x05\
\x02\x08 \x80\x00\x02\x08 P$\x01\x0a\xc0\x22\xbd-\
\xd6\x8a\x00\x02\x99\x0a\xec\xee{TtV-\x7f\xa9\xa4\
\x89o1\xf6\x8c\x9fo\xbc\xfdNA;^\x9d\x07\x9c\
t6\xf0\xc7?\xb7g\xe0l\xfb\xcb\xd7\xbf_tl\
\xbf\xafm\xd7\x13\xbb\xdd\xea\xdc\x9d\xfe\x99}\xbe\xeeK\
\xaem\x7f\xec\xf6\x97\xaeY):\xf7\xfd\xcb\xb9\xa2\xa3\
\xfb\xa6s\xad\xe7\x9a\xce\xb5o\xff\xb5e\x97\xd7t|\
\xe3\xe9/\xb6\x00\x05`\xb1\xdf\x1f\xabG\x00\x01\x04\x10\
@\x00\x01\x04R\x0bP\x00\xa6&\xcb\xc9\x0d,\x03\x01\
\x04\x10@\x00\x01\x04\x10\x98\xa6\x00\x05\xe04\xe1\xb8\x0d\
\x01\x04\x10@\x00\x81N\x08\xf0L\x04\xb2\x10\xa0\x00\xcc\
B\x919\x10@\xa0\x90\x02?}\xc9\x9b%M\xec\x19\
\xbd\xac\xdb\x16\xd17\xbf\x1d\xff\xe3\xb3\x80\x87\xfa\xb7\xfe\
\xce\xb8\xe4\xbak\xc6|\x09I\xf2]t!\xb1\xeb\xf7\
\xb5}\xcf\xb2\xf7\xfb\xc6\xa7\xed\x7f\xec\xd1\x07E\xc7\x9e\
\xe3\xb3\xcf\xcf{[\x9f\xf7K\xae\xf3\xbe^\xd6\x97\xad\
\x00\x05`\xb6\x9e\xcc\x86@\x1b\x04x\x04\x02\x08 \x80\
\x00\x02a\x02\x14\x80a~\xdc\x8d\x00\x02\x08 \x80\x00\
\x02\x08\xb4G \xc3\xa7P\x00f\x88\xc9T\x08 \x80\
\x00\x02\x08 \x80@\x11\x04(\x00\x8b\xf0\x96X#\x02\
\x08 0!0\xe93\xed\x19\xc1\xe9|w\x5c\xcc{\
\xd2\x9e\xa1;\xea\xe85\xe2\xca$\x9c\xf1F\xd6k\x7f\
\xf03\xaf\x16\x9d\xf1G\x04\xfd\x93\x9c\xbbs%h\xf2\
\x167\xdbg\xb5\x18\xc2\x8f*$@\x01X\xa1\x97\xcd\
V\x11@\x00\x01\x04\x10@\x00\x81D\x80\x020Q(\
RX+\x02\x08 \x80\x00\x02\x08 \x10(@\x01\x18\
\x08\xc8\xed\x08 \x80\x00\x02\x08\xb4C\x80g \x90\xa5\
\x00\x05`\x96\x9a\x19\xccU\xab5o\x89\x9a\xba|\xbd\
\xa6\x22\xb5\xc6\x8d!\xe9\xaa\xcbW]\xe9\xeej|+\
f\xe6v7o\xce2\x0b\xe6\xd4\xbe\xeb\xca\xa2\xb9\xb5\
\xef\x85d\xd9\x82\xda\x03\xae\x1c\xb5\xac\xb9?f\xe6v\
\x8f\xee\xcd2K\xe6\xd5w\xbb\xb2t\xe1\x8c\xfe\x90,\
_\xdc\xdd\xef\xca\x8a%\xb3\xfbC\xe2\xfb\xaf\xecc\x0f\
\xef\x10\x1d\xdf\xf8\xbc\xf7\xd7\x96].:\xbe\xf5\xea\xb1\
\xc9\xb5o|h\xbf=\x13\x18\xda\x0e]O\xd6\xf7\x8f\
\x1b\xa6\xfa\xbbv\xed\xf8\xd0v\xd6\xfba\xbeb\x0bP\
\x00\x16\xfb\xfd\xb1\xfaJ\x09\xb0Y\x04\x10@\x00\x01\x04\
\xb2\x11\xa0\x00\xcc\xc6\x91Y\x10@\x00\x01\x04\x10@\x00\
\x818\x02\x11f\xa5\x00\x8c\x80\xca\x94\x08 \x80\x00\x02\
\x08 \x80@\x9e\x05(\x00s\xf6v\x16\x1d}\xe5\x87\
c\xe6\x98\x93{\xdf\xa7s\xc2i\xcb~+$g\x1c\
1\xf2\xff\xbb\xf2\xca\x13v\xfdQ\xcc\x5cv\xc1\xe8\xd5\
Y\xe6=o\x98u\x8d+\xef\xfb\xa5\xb9\x1f\x0a\xc9[\
\xce\xeb\xfa\x8c+\x17\x9d\xd9\xdc\x193\xab\x16\x0dn\xcf\
2'\xad\x99\xb9\xc9\x95\x17\x9d0wcH~\xea\xa4\
\x05\x1b]y\xf9\x99+7\x86D\x9f\xefku\x9d\xa3\
?\x1e\xa6\xb5\x14\xfb=\x81v\x92\x9a9\x13h\xdb\xa1\
\xe3\xed\xfdUk\x8f{\xa6:\xf3W5\x1f\xf6\xdbY\
\x01\x0a\xc0\xce\xfa\xf3t\x04\x10@\x00\x01\x04\x10@\xa0\
\xed\x02\x14\x80m'\x9f\xe6\x03\xb9\x0d\x01\x04\x10@\x00\
\x01\x04\x10\xc8H\x80\x020#H\xa6A\x00\x01\x04\x10\
@ \x86\x00s\x22\x10C\x80\x020\x86*s\x22\x80\
\x00\x029\x14\xb0g\x02\xb3n\xfb\xb6l\xcf\xc4\xc5n\
\xfb\xd6\x13\xda\xef[\x7f\xe8\xfc\xdc\x8f@L\x01\x0a\xc0\
\x98\xba\xcc\x8d@&\x02L\x82\x00\x02\x08 \x80@\xb6\
\x02\x14\x80\xd9z2\x1b\x02\x08 \x80\x00\x02\x08 \x90\
\x8d@\xc4Y(\x00#\xe225\x02\x08 \x80\x00\x02\
\x08 \x90G\x01\x0a\xc0<\xbe\x15\xd6\x84\x00\x02m\x11\
\xd8\xfc\xddK$\xe7)\xd4\xfa\xda\xf2\xd2R<\xc4w\
F/\xb4?\xc5R\x18\x8a@\xee\x04(\x00s\xf7J\
X\x10\x02\x08 \x80\x00\x02\x08 \x10W\x80\x020\xae\
o\xf8\xec\xcc\x80\x00\x02\x08 \x80\x00\x02\x08d,@\
\x01\x981(\xd3!\x80\x00\x02\x08 \x90\x85\x00s \
\x10S\x80\x020\xa6.s#\x80\x00\x02\x15\x12\xf0\x9d\
\xa9\xab\x10\x05[E \xf7\x02\x14\x80\xb9\x7fE,\xb0\
\xba\x02\xec\x1c\x01\x04\x10@\x00\x818\x02\x14\x80q\x5c\
\x99\x15\x01\x04\x10@\x00\x01\x04\x10\x98\x9e@\x1b\xee\xa2\
\x00l\x032\x8f@\x00\x01\x04\x10@\x00\x01\x04\xf2$\
@\x01\x98\xa7\xb7\xc1Z\x10@\xa0\xad\x02Y\x9fY\xf3\
\xcd\xe7\xebW\x9b\xcf\xe5e\xd1\xd7\x9fKT\x16\x85@\
\x87\x04(\x00;\x04\xcfc\x11@\x00\x01\x04\x10@\x00\
\x81N\x09P\x00vJ\xde\xf7\x5c\xfa\x11@\x00\x01\x04\
\x10@\x00\x81H\x02\x14\x80\x91`\x99\x16\x01\x04\x10@\
\x00\x81\xe9\x08p\x0f\x02\xed\x10\xa0\x00l\x87r\x8e\x9e\
Q\xab}`tr~y\xb8V\x0b\xc8\xca\xdf\xda^\
se\xe9\x15\xb7\xd5bf\xf9\xbbo\xa9e\x99\x15\x97\
\x7f\xb3\xe6\xca\xf2w\xdf4\xfe\xbcig\xf5\xa9\xef\xbb\
\xc6\x95S_\xfa\x87\xabc\xe6\x8a+\xae;6\xcb\xfc\
\xee\xef^\x7f\x8a+\xef}\xef\xc7O\x0f\xc9\xef_\xf5\
\xb7\xa7\xbb\xf2'\x1f\xf8\xfb\xd3C\xe2\xfb\xaf\xa6\xef\xcc\
\x9b\xed\xf7\xcd\xe7\xeb\xb7\xf3\xe5\xad\xed[?\xfd\x08 \
P\x1c\x01\x0a\xc0\xe2\xbc+VZ\x19\x016\x8a\x00\x02\
\x08 \x80@\x5c\x01\x0a\xc0\xb8\xbe\xcc\x8e\x00\x02\x08 \
\x80\x00\x02\x08LM\xa0\x8d\xa3(\x00\xdb\x88\xcd\xa3\x10\
@\x00\x01\x04\x10@\x00\x81<\x08P\x00\xe6\xe1-\xb0\
\x06\x04\x10@`B\x80O\x04\x10@\xa0-\x02\x14\x80\
ma\xe6!\x08 \x80\x00\x02\x08 \x80@~\x04(\
\x00\xf3\xf3.&V\xc2'\x02\x08 \x80\x00\x02\x08 \
\x10Y\x80\x02020\xd3#\x80\x00\x02\x08 0\x15\
\x01\xc6 \xd0N\x01\x0a\xc0vj\xf3,\x04\x10@\x00\
\x01\x04\x10@ \x07\x02\x14\x809x\x09,\x01\x81\x09\
\x01>\x11@\x00\x01\x04\x10h\x8f\x00\x05`{\x9cy\
\x0a\x02\x08 \x80\x00\x02\x08 \xd0Z\xa0\x03?\xa5\x00\
\xec\x00:\x8fD\x00\x01\x04\x10@\x00\x01\x04:)@\
\x01\xd8I}\x9e\x8d\x00\x02\x08L\x08\xf0\x89\x00\x02\x08\
\xb4U\x80\x02\xb0\xad\xdc<\x0c\x01\x04\x10@\x00\x01\x04\
\x10\xe8\xbc\x00q\xd5\x96\x11\x00\x00\x00\xc0IDAT\
\x05`\xe7\xdf\xc1\xc4\x0a\xf8D\x00\x01\x04\x10@\x00\x01\
\x04\xda$@\x01\xd8&h\x1e\x83\x00\x02\x08 \x80@\
+\x01~\x86@'\x04(\x00;\xa1\xce3\x11@\x00\
\x01\x04\x10@\x00\x81\x0e\x0aP\x00v\x10\x9fG#0\
!\xc0'\x02\x08 \x80\x00\x02\xed\x15\xa0\x00l\xaf7\
OC\x00\x01\x04\x10@\x00\x01\x04&\x04:\xf8I\x01\
\xd8A|\x1e\x8d\x00\x02\x08 \x80\x00\x02\x08tB\x80\
\x02\xb0\x13\xea<\x13\x01\x04\x10\x98\x10\xe0\x13\x01\x04\x10\
\xe8\x88\x00\x05`G\xd8y(\x02\x08 \x80\x00\x02\x08\
 \xd09\x01\x0a\xc0\xce\xd9O<\x99O\x04\x10@\x00\
\x01\x04\x10@\xa0\xcd\x02\x14\x80m\x06\xe7q\x08 \x80\
\x00\x02\x08$\x02\x04\x81N\x0a\xfc?\x00\x00\x00\xff\xff\
\xf4\xaf\x9a\x11\x00\x00\x00\x06IDAT\x03\x00\x7f\xf7\
\xcd&\x99\xec\x92\x0f\x00\x00\x00\x00IEND\xaeB\
`\x82\
\x00\x00\x1f{\
\x00\
\x00\x01\x00\x01\x00\x80\x80\x00\x00\x00\x00 \x00e\x1f\x00\
\x00\x16\x00\x00\x00\x89PNG\x0d\x0a\x1a\x0a\x00\x00\x00\
\x0dIHDR\x00\x00\x00\x80\x00\x00\x00\x80\x08\x06\x00\
\x00\x00\xc3>a\xcb\x00\x00\x00\x04gAMA\x00\x00\
\xb1\x8f\x0b\xfca\x05\x00\x00\x00\x01sRGB\x00\xae\
\xce\x1c\xe9\x00\x00\x00 cHRM\x00\x00z&\x00\
\x00\x80\x84\x00\x00\xfa\x00\x00\x00\x80\xe8\x00\x00u0\x00\
\x00\xea`\x00\x00:\x98\x00\x00\x17p\x9c\xbaQ<\x00\
\x00\x1e\xe3IDATx\x9c\xed]yxU\xd5\xb5\
\xff\x9dsson\x06\x12\x08$@@\x08\x93\xccR\
P\xc1\xa9T\x04\xc1ZE\x9f>\x1c\xbe\xb6N\x15\xed\
C\xe8g\xd1Z\x14T\xea\xb3\x94\xb6j\xad(\xef\x81\
\x13vxUyZg\x01\x19\xb4b\x15\x85  \x09\
\x01\x12\x92\x18.\x99\x93\x9b\xe9N\xe7\x9e\xfd\xfe\xd8\xf7\
\x9c\xb3\xf7\xd9\xe7\x8e\x19\xa0\xef\xde\xdf\xf7\xe5\xcb9\xeb\
\xec3$k\xed\xb5\xd6^k\xed\xbd\x81\x14RH!\
\x85\x14RH!\x19!\x9d\xee\x0f\x88\x04\xf5\xd4\xef\xb3\
\x00@\xca\xc8r\xe8D\x9f:\x12\x00\x88$\xcff\xdb\
*\x9d]\xe7\xb2\xe76{\xda`\x00 \xb2\x94\xad\xd1\
\x02\x8a:\x10\x00\xfc\x0a\x99\xa0\xd1r\xfa9-\xdf-\
\xe5/9\xa3\xff7=\x85\xb4\xd3\xfd\x01g*H\xc3\
z\xa2\x1d\xff\x7f\x16\x86\x94\x00\xc4\x00V\x18\xcc\xf8W\
\x17\x8e\x94\x00t\x13\xff\xea\x9aB>\xdd\x1fp&\xa1\
}\xd7\x97\xdd\xba\x9f4\xac'\x91\xb4\xc5\x99\x88\xd3\x22\
\xb1\x84\x10\x09\xd8(h\x1fR\xeb\xbf\x9e=\x0f\xfa|\
\xb3\x00@\x22d\x98N\x94\xe4l\x00 \x90\x86\xb0m\
%\xbbm\x00\xf70\x09N\xda\x5c\xd2\xdfS_\xd7\xe1\
\x00\x80\xa3eu9\x1am\xf6\x9c\xf1\x00(\xf3\xfb\xcd\
\x99)|k8z4\xfc\xabh\x83\xd3d\x02VK\
\xa8,\xb2\x99\xa9$\xd3?\x95=\x97 ]\x06\x00\x84\
\xe0l\xbd\x0d!2\x00\xc82\x1cl[\xd9\x16F\x99\
I\x06\x1f\xfc~\x05\x00P{\xcam\x5c\xce_\x02\xd2\
\xb0>,\x935:+\x08\x9a\xa6\x88$\x18fMp\
\xa6\x0aD\xca\x04\xc4\x08\x96\xd9\x89h\x843\xd5<$\
\xbd\x00,\x9bx1\xa4\xfc%q\xdf\xd7o\xce\xcc\x84\
|\x863M\x10\xfa\xc4\x04\xa8\xd5Of 3\xcd\xae\
\x9d\x93j\xe4\x07\xed\xee\x89\xe6v\xb2O\x9d\xc0\x9e\x13\
I\xca\x05\x00\x22K\xba\xa0J\x12\x15ZI6\xc9\xae\
\x14]\xc3*J\x10\x00\xd0\xd6\xda\xa5\xd3\xd6\x95~\x16\
\xd3\xdf`\x05V\x13\xc4b\x16X\x90\x86\xf5\xe4L0\
\x0b}\xe3\x03d\xa6\x0d\x84d\xcb\xd5N\xd5\xb4\xe0\x85\
\x08\xaa\xcb\xcd\xcdH@\xe1\x84BvP\x99\x91l\x8c\
\xbb\x10b\xb4\x94&\xb8\x10Q\xe1\xe9\x0a\x00\x00NV\
7\xc5}o4\x84c|$'\xf2L\x18B&\xbd\
\x09h^\xbb\xb8\xd7\x9e\xadi\x85\xee\x0e/{\x13I\
\x1f\x08\xca[\xf1|\xaf=\xdb\xdc\xf3YA0_;\
]&!\xe95\xc0\x96\xd9\x17`\xd9\xc4\x8b\xfb\xe4]\
\xfd\xe6\xcc\x8ck\xe8\xd8\x17Hz\x01x\xbf!~_\
\xa2\xbb0\xc7\x13X\xf4\xf5(\xa1\xc7M\x80\xda\xf0\xdc\
\x1c3\x8dx\xbc+\x88\xaa\x5c\xa2\x9f\x13\xd5&\x05I\
\xba\xb9\x9d\xdc/\x8b;o\xef\xf0\x02\x00\xfc!\xe7\x0d\
\x00\x1c\x0e\xfa\xc99\xd9\x91\x19w\xecx=\x00\xa0\xb9\
\xa5S\xa7\x95\x1d\xa1\xb4\xc3\xc7Zu\xda\xe6\xd2}\x00\
\x80g\xf0\xc3\x88\xcf\xebi\x9c)~A\xd2k\x80\xe6\
\xb5\x8b\x13\x8e\x05t\x07g\x8a9Hz\x01x\xf4\x95\
\x12\xfd\xb8\xaf\x85\x80E8s\xd0\xdb\xefMz\x01X\
W\xfa\x19\xd6\x95~\x86\xfb\xd6>\x0f\xb7\xdb\x0d)\x7f\
\xc9i\x11\x84p\x91\xc5\xde\xf6\x09\x12\xf6\x01\x08\xd9`\
\x87;\x98m\xa6\xab\x1d\x81eB[\x15\x13@\x8c\xe4\
\x8d$\xcb\x92\x16\xe4\x89\x84\x83\xfb\xaa\x00\x00\xd5\x95F\
\xe0&o \xf5\x13F\x8f\x1b\xcc\xb5=Z\xd5\xce\x9d\
\x97T\xd2h_C\xab\xe1?t\xb4\xd3H\xa0\xbf\xff\
H\x9dv\xdf\xda\x9f\xe2\xc9\x15\x8b\xf1\xe4\x0a>\x1e\xa0\
\x09\x01iX\x1f\xf5;\xcdH\xf4^M\x08\x12\xc95\
$\x8a\xa4\xd7\x00\x1a2\xb3\x8a\xf0\xe4\x8a\xc5\xb8o-\
\x8d\x0bx\x8b\xd7\x9e\x96\xef\xd0\x84\xc0\xac\x0dzK\x0b\
$>\x0a\xa8t\xd8HvG\x86\x99L$2Kl\
,\x0d\x90$b\xbcK\xb6A\xb2G\x7fu\x9d\x8b\xa6\
m+\x8e\xd6\xe9\xb4\x8e!4\xa2\xdc\x7f\x00?b8\
V\xce\x87w\x8fT\xd1\xd4o\xbd[e>\x83\x8e\x1c\
\xa4\x8c\xfe\xc2\xbb\xb2\x06\xf4C\xd6\x80\xa9\xba\x108g\
P\x8d\xa0\xa5\x8b\xfb\x12\x91B\xc7=\x1d,J\xfaH\
 \x00\xbd\xd7\xff\xe9\xd9g8\xfa\xc49\xb7\xa1\xf1\xd8\
>K\x9f \x9cPH\xf9K\xb0e\xf6\x05\xb8\xe2\x1f\
_\xf4\xfc\x87\xa2\xe7\x85 e\x02\x18\xdc\xb2\xf4g\xc8\
\x1fnh\x81\xd2]\x9b0h\xdc\xb9\xc8\x1fn\xd4\xa9\
h\xb9\x03)\x7f\x09F_\xfa\xbf\x90\xf2\x97`\xeb\xf5\
\x7f\xd2\x9d\xc7\xe6\xb5\x8b1\xf3\xca\xa9\xe1^\x117z\
{t\x90\xb8\x13(w\xe4\x05}\xcay\x02]!\x16\
\x85\xf6\xc4&\xc3\xf8f\x89\x10\x90\xa0*63\xc1\x9e\
A\xfdFgN\xa6N\xf3P\xcd\x8eC\xa5\x8d\x5c[\
WS\x90;\xef\xf2\xd1\xdf\xaajt\x16\x12\xfa\x06\xa2\
\xf8\x84w\xb1\xf6_CfV\x11Jwm\xc2\xc49\
\xb7\xa1\xa1\xe6\x10\x00\x9a;\xd0\x84 o\xc5\xf3\xba\xaf\
\xe0\xc5\xb5\xf4\xbd\xdb\xca\x91\xb7\xe2\xf9\x1e3\x1b\xbd\xed\
\x18\xa6L\x00D\xd5\x9f\x99U\x04\x00\xf8\x8f\x87W\xe2\
\x83\xad\x9f\xa1t\xd7&\xe4\x0f\x9f\xca\x09\x81\x06\xe7\x8c\
\x15}\xf6\x9d,z\xca\x14\xc4\xf5\x00Z\xcc\x19:\xae\
\xfe\xc3%D\x96\x1e\x12\xda\x04\x94+\xac\xdf$q\xc7\
\x5c\x8e?\xcc\xd7\xec\xfa\xbc\x1a\x00PY\xd3\xa6\xd3\xaa\
\xaah\x18\xf7\xd3\xddU\xfc\xad\xf9E\xdcyZ\x1a\x95\
mY6\xde\xa3(tH\xe8\xf7yt\xda{o\xfc\
\xd9\xf2s\xc3a\xee\xb5K\xb1\xe3\xadg\x05znn\
.\xdcn7rs\xa9\x93\xda\xd3\x8ec8-\xd0]\
!Hz\x0d0\xf7\xda\xa5q\xdf\xa319\x1c\xbd\xb7\
F\x0dVB\xd0]M\x90\xf4\x02\xb0w\x17\xd5\x00\xa3\
&_fy\xfd\xc4\xe1\x9d\xfa\xf1ys~\xac\xb7\xd7\
\xa0\xa5\x92\xb5\xd2\xb2\xdeb~\xa25\x88\xd1\x90\xf4\x02\
\xa0\x81et8\x98\x99\x0fP\xc6o\x99}\x01\x80\x8b\
\xbbU_\x18+zZ\x0b\xc4|\x93\xda\xf8_\x93\xa0\
\xaa\xf9\xfay\x97\xe7R\x04\xd5\xd5\xe6v\xb6\x1c!:\
\x0c\xa2\x04\x01b\x8c\x02\x94\x80\x02o\x97\xe8\x89\xb7x\
yO\xde\x99N\xe53\x8d\xa9\xff\xeb\x08\xa5\x88\xeb\xea\
\xdb\xb8\xb6\x8f\xdc\xb5\x99;o\xf3\xf9\x01\x00\xfe\xa0\xf1\
\xcc\x5c'\x1dU\x14\xe5\xe9\xf3B\xf0\xe2\xc1\xc3\xfa\xb1\
\xb97\x87+\x14YW\xfaY\x9f\x07\x874\xf4\xb4/\
\x90\xd2\x00\x0c\xcc=\xb8/zt\xbc\x087,LT\
\x0b$\xbd\x00\xb0\xbd|]\xe9g1\x95\x87\x9d\x89\x82\
\x91(\x92^\x00\x1e\xff\xb7q\x00\x80U\x7f?\xa6\x9f\
\xaf\xfa\xfb1LK\xa3&f\xd1\xd5\xdc\xba\x13z\xbb\
D\xd1\x9d,c\xb4\x80P\x22Z \xe6\xc6\x8a\xeb\x8f\
?\x96\x88:M\x7fYP=\x1bAr\xb5\xb9\x9d-\
;\xd3L\x02Q\x09\xc0D\x02\xbd\xde\x00Z\x99\xc9\x19\
\x1a\xdey\xeb0w.\x85|\x00\xa4\x19\x11k\xaf\x9f\
F\x10\xdd\x1d\xbc\xbfp\xa4\xb8\x8e;\xf7\x05\xe8\x98?\
\xa8\x1a\x11G\x12\x0cE\x02\xfd\xc6\xbd\xef|\xf1\xb9\xf0\
\x1d\xf1 \x1eF\xb29\x85x\x05\xc0j\x04\xd0\x13\xbe\
@\xd2k\x80o\xee\xb9-\xe1{\xa7<\xb7)\xe2u\
6\x93\xa81?\xdeDQ\xa4^\xdf\x13\xbe@\xec\x02\
\x10T\x0b\x01\x8c7\x08\xd2P)\xc6T\x92$K`\
\x95\x0d\x81\x84\x80*\xe63\x8e\x975\xf0\xaft\xd2\xcf\
#\x8c\x06\xf0+\xf49\x1d~\xfe\xe5\x19\x05y\xdc\xb9\
C\xa1I\x03\xc2\xbc\xc7\xe3\xa1#\x03\xb6P4\x1a\x13\
\x13\x01\xdb\xd3\xd9\xe3\xe6\xb5\x8b{u\x1eB\x22Hz\
\x0d\xb0\xe8\x9e\x95\x00\x80\x17\xd6<\xa0\x87s5h\xe7\
w>\xf4;\xbc\xb0\xe6\x01\x8e\xaeA\xeb\xe5,\xa3\xb7\
\xcc\xbe@\xcf\x08f\xce\x1f\x83\xaem\xe5\xdc;\xc3\xa9\
\xffp\x81\x9eH\x01\xa0\xee&\x8a\x92^\x00N\xd5w\
bhA\x16rss\xb1\xe8\x9e\x95\xb8\xf3\xa1\xdfa\
\xf3s\xbf\xc6\xa2{Vb\xd1=+9fo~\xee\
\xd7\x00\x80\xa1g/\xc0\xf2_\xde\x01\x00x\xea\xb7/\
\xa1\xf0\xe2\xb7\x01\xd0*\x22\xe7\x8c\x15T\xc5kj\xde\
\x94+\x8ad\xfb\xcd\x93M\xed\xf9y\x0844\x03\x00\
\xec\xf9y\x96\xf7\x04\x1a\x9a\x05!\x88\xc7\x0cX\x0a\x00\
!\x1b\x84\x82=\xe5D[\x7fH(0\xda\x90\x5c6\
\xb8\x13\x0fl6\x19\x99\x19\x0e\x81>r\xd4 \xee\xfc\
T\x0bM\xdatx\x15\x9d\xe6\x0d\xcd\x11hh\xf6p\
m\xb3\xd2\xf9\x00T04\x13Xe\x9c\xc0@ T\
\x13\xe8\x0bpmO\xd5wb\xe8\xd9\x0bt\xc6\xeb\xb4\
\x82,\x0c={\x01N\x1d\xdd\x8aS\xf5\x9dXt\xcf\
Jl~\xee\xd78ut+\xde\xde2\x11\xbb7?\
\x8d\xdf\xbf\xf8\x1a\x00\xe0\xa9\xdf\x1a\x99\xc1\xa1g/\x00\
\x00,\xff\xe5\x1d\xf8\xb2\xf8\xa0\xfe\x1eM\x80b\x81\xc6\
\xf0p\x8cg\xdbiB\x92\x08\x92^\x03\xbc\xff\xc2\xaf\
\xf4\xe3\xdc\xdc\x5c\xbc\xb0\xe6\x01N\xddc\x0d\xdf^3\
\x15C\x0b\xb2\xb0\xe8\x9e\x95\xf8\xb2\xf8\xa0!8\x97\x9f\
\x87\xdd\x1f\xed\x05\x00\x9c:\xba\x15_\x16\xd3r\x89\x99\
3\xce\xc1/~r\xe3i\x8b\x1eF\x82\xa5\x9a \xcd\
\x1b\x84t\x97\xd2\xd0\xb4\x11\x04\xfa\xb0\x8f\xa8\xc4&\x93\
\xa0\xd0\x8dm\x05\x83\xcc\xa4\x98q\xf0 \xef\x04n\xdf\
Y\x01\x00\xa88\xd1\xa2\xd3N\xd5\xd3tpqI5\
\xd7\xb6 o \xff\xbd\x9a\x13\xc8h))\x94\x92f\
S\xc4\xc7\x5cbH:\x1a\xdc\xad\x87\x91\xdb\x7fr\xc4\
\xeb\x00\x90\xdb\x7f\xb2~\x1c\x8d\xf9\xdeo\x8e\xc39e\
,\xbc\xdf\x1c\x8f\xfb{\x00\xc09e,w\xde-\x13\
\x90L\xd0\x18\xd4\xd3\xf7-\x1d8\x11\x80\x0a\x0c\x9c\x88\
g\x9bJ-\xdbx\xbf9\xce\xd9\xf8H\xcc\x8f&\x1c\
\x89\xfa\x01\xa9\x9a\xc0^\xc2c\xbf\xb8\x04WM\xb6\xae\
\x1b\xd0\xc0\xf6Z\xe7\x94\xb1B/\x8e\xd4\xbe\xa7\x90\xf4\
\x1a\xe0\xba\xe1\xdd+\xe0|3T&\x06@\x1f\x0ej\
\xea~\xc1O\xa6c\x01\x80u1<\x87]b\xc6\xaa\
\xa7\xc7b\x1a\x12\x19\x12Z\x8f\x02\xfc\x81K\xcd\xb4`\
G\xe70)H\xf4y\x00\x92,\x01v\xb1\xac+\xe0\
\xaa\x17h\xaa\xa2\x00L@F\xb2\xa7A\xce\x14kG\
\xa7N\xe4\x97\xfa\x9b4\xee;\xf4{\x98{\xf7|N\
\xff\x11\xeb\x9e:\xc9\xb5-ttr\xe7m\xa1P\xb1\
\xdfo\xdc\x9b\x91K\xc3\xd4\x03G\x18\x9e\xf5\xf2Lz\
\xbd`\xd3\x0e\xe1{\xa8\x1aGX\x15\xae\x81\xb5\xef\xf1\
8zV\xe3{\x8d\x16\xcd\xfb\xd7\xe0\xc8\xcb\x86\xbf\xb9\
\x03@b\xab\x97%\xbd\x09\xb8\xaes*\x0a6\xed\x80\
\xef\xf5eX:p\x22ZW/\xd4\x7f?\xbel\x1c\
~p\x01]\x8fr\xd3\x8cs\xb1i\x06M\x0c\xb5=\
r\x1b\x00C@\xc2A\x9b\xe1\x13\xeeG\x83\x15\xe3\x02\
\x0d\xcd\xba\x7f`e\x1e\x1cy\xd9p\xe4e\xeb\xc7Y\
\xe3G$4\x9b(\xe9M@\xac\xb8\xee*j*n\
+\xde\xa7\xd3\xce\x1b\x99\x09DXo\xca\x1c\xd8\x89\xd4\
C\xd9<?\xfb\xdb9e\xac ,\xaa\xab\xb6\x1b\x7f\
\x09\x8f\x94\x00\x00\xb8d\xd1\xbd\x00\xa8\xc98u\xd4\xc8\
R\xb2\xc7o\xbeg\xd8\xfa\x93\xc7k\x00\x00{\xab\xc4\
\x8cf8\xc4\xa2\x9e\xb56\xe1~k\x90\x0b\x87\xf4\x98\
\x10$\xbd\x09\x00\x80\xdd\x9b\x9f\x8e\xda\xe6\xb6\xe2}z\
\xef\x9f\xf8?\xdb\x01\x18\xbe\xc1\xe9\x9aRnF\x22f\
\xc0R\x03\xa8\x1e\xcfP3\x8d\xf8\x82N\xa2(,\x05\
A\x8bP\xb0\xe4\x14\x9d;9\xd3\x09\xb0\xeb\xfa\xa9*\
T\x8f\x18\x80)u\xf1\xe1\xdd\xaeP\x088\xa0\x18\xe1\
\xdc\xfa&J\x9bTT\xc4\xb5uw\xf2\xcfsfS\
\xd9N#\x86\x8c;3\xe8\xaa4i\xd9\xcc\xe4P~\
V9\x87J7_s\xb04\xc2\x98\xbe/\x11\xa9\xf7\
kB\x10\xabChm\x02\x82j?3\x89\xa8A;\
\x98\x02K\xa2\xaa\x80\x22N\xef\xb2\xd9\xc5\x18?l2\
\xe4t\x83N\xfc\x01\x10\xaf_hf\x8e\xef\xb7u\xd2\
\x98\xbd/`\xbc\xc7\xef\xa1\xc7\x05\x03\xf8\x11C[\x90\
\xe7d\x9a\x1c\x9a\x18\x22\x19\x82\x97\xe6\xa0\xdf`Kg\
\x8aV\xday\x13\xf0\xdcV:\xba\xf8\xfc+Q24\
\xe6k\xce\xa0\x06\xd6/\xe8m\xc4\xa2\xfa\xb3\xc6\x8f\x88\
\xf9yI\xef\x03\xe8\xea\x7f\x11]\xd7Bc\xf2\xb3\xef\
\x87\xef\xe9\xe1\x18~:\xa6\x92\x87C\xacK\xd7&\xbd\
\x00|\xf9\xd5G\x00\x80\x03\x00n\xd9\xb2\x10\xb7t\xe3\
Y3\xcf\xbf\xbc[5\x7f\x91\xd0\x93\x9e?\x0bk\x1f\
 \xa0\x08K\xb8\xc1&\xcb\xec\x1a\x0f\x08(P\x15Q\
\x8dwx\x14\x81&\xd9\x15H\x8aa\x8b\x83~\x05\x81\
.\xb1]\xa9\xc9\xab\xee\x0aU\xf0\x04\x02F[\xc9K\
M\x80l\xe3?1\xe0\xf0\xf2\x9fk\xa7\x19m\x1b\xb3\
\x8f\x80\x1a2\x07\xad\xfe\xdeYrG\x13\xa6\x99\xe7_\
\xae\xd3\xcc\xcea\x22\x82\x91\x08\xf3c\xcd\x0bXG\x02\
\xbd^a\x09\x0d\x9b\xc3ag\xb7h\x08vz\xa0z\
EG\xae\xd6+\xae\xfdC\xbc^\xc0n\xf8\x0f\xfe\x80\
\x82N\x8f(<o}\xca\xe7\xb5U\x1f\x8d\xee\x91\xa0\
\x91\xbf\xcf\x09\xad%8bX\x01\xd7\xd6\x9b\xcd;l\
\xfd\xb3\xe9\x9f\xe6L7|\x80\xd6.\xca\xf8\xeaF\xc3\
\xa7\xb8\xeb\xfe\x9e)\xd1\xfa\xfa\x93\xd7\x05\x1a\xcb\xfc\xc2\
I\xf3\xe0*\xd9\x1e\xb7\x99H\xb4\xe7\xc7\xea\x08&\xbd\
\x09\xd8\xf8DO-\x16m^d\xear\xa1E<B\
\xd0[*\xdf\x8c\xa4\x17\x00V]\xf7\x054!\x88\x84\
\xee2\xbf\xb3\xac:z\xa3\x10\x92^\x00\x0a'\xcd\xe3\
\xce5\xe6\x04=\xef\xe3\x9a%o\x00\x00\x8a\xf7T[\
2-\xdc\xbd\xb1\xe0\xa1\xcdY\xf8\xcd\x92[\x01\x18~\
AO\xf4z\x8d\xf9\xb1\xc6\x01\x92>\x12X8LF\
\xe10\xfao\xd0\x18\xa8V<\x8b#\x9f\xd0\xa2\xce\xe2\
=\xd6\xbd\xe9\xbc\xcb\xe7c\xc6\xac\x11\x981\xcb\x18s\
\x17N\x9a'\x08\x85\x15M\xc3\x83\xeb_\x01@}\x85\
\x9eR\xf9\xf1\xc4\x00\x800\x1a@\xce\x10V\x7f\x032\
\xd2!\xa7\x19\xcd;\xda\x83\xa8V\xc5\xf2/\xb5\xbf\x98\
_w\xb5(\xe8\xf0\x1a\x8eWc\xbd\x0bG\x0e\xec\x15\
\xda)\x9e\x0e\xee\xfc\x9a9E\x00\x80\x09\xa3\x0c\x9f\xb4\
\xa9\x8d:\x8f\xc7O\xf2#\x86\x1f]\xcb\x97h\xfd\xe3\
(u \xab\x9a\x0c\x07R\x0d\x05\x8b:\xbaN\xe9\xb4\
!\xc3\x87\xa3\xb6\xa6\x06\xae\x92\xedP+\xe8\xca\x1f\xa5\
\xcc\xb2t3f\x8d@\xf1\x9e\xea\x88\xaa[k\x13+\
\xce\xbb|\xbe~\xfc\xe0\xfaWtM\xd0\x13\x88G\xfd\
\x03)\x0d\x00\x00\xd8\xfb\xd16\x9d\xf9\x000\xf1\xec\xc1\
\xf8g\x8dq]\xeb\xe5\xe1z2\xdb\xc6\xdc.\x16\xb3\
\xa0i\x82\xd3\x81\xa4\x17\x80\xf7^~\x89\xeb\x91/\xee\
\xac\xc3\x8b;\xeb\xf0\xf6g4$\x5c\xbc\xa7\x1a\x87\xf6\
W\xe8\xd7\xcdB\x10K\xcf7\x0b\xc1\x90\xe1\xc3\x85^\
\x7f\xedz`\xd5gc`\x9b\xf6\x18l\xd3\x1e\x03\x00\
\xd8\xa6=\x062\xf1F\x5c\x1bG\xe8 k\xfc\x88\xb8\
\xcc@\xd2\x0b@\xeb\xbe'\xb0}\xed\xfc\xe8\x0dc\x00\
\xab\x05b\x01+\x04S\xa6\x8d\xc1\xacs\xc7\xe1\xad=\
\xff\xa4\x84\xa9\x0f\x22\xa8\xd2\xdc\xc8\xdf\xd7\xdd\xa8\x0bE\
\xac\x88u9\x99\xa4\x17\x00\x0dZ\xcf\x8f\x06\xad7\xbb\
N\xaaz\xef\xb7\xd2\x02\x91\xcc\x05{\xfd\x9b\x03\xe5a\
\xdb\x10\xa5\x22\xec\xb5H\x90\x0b\x87t3\x1b(\x89\xf4\
\xa6N\x22\x07\x89\x11m\xeb\xf2J\xf0\xa9\xe2T\xf0\xaf\
\x0fV\x0a\xb4\x96\xe6&x=F\xa6\xcf.+\x18{\
\x96\x90p\xc4?>\xe7\xef\xad:E\x9d6\x99\x99\x1c\
\xda\xd4JC\xbeG\xabZ\xb9\xb6\xef\xe5\xf0\xa1\xe1\xca\
\x93t.\x81\xbb\xddx\xaf\xb6o\xe0\xa0~Ft\xb0\
\xff\xb9\xf7\xe3\xaa\xdb\xef\xc05\x17\x1b\xdb\x13k\xea\x1f\
0z\xb5\xc6d\xcd\x19\xd4\x04\xa1p\xd2<\xae\xe7\xc7\
\xe2\x10\xb2\xd7\xdf\xdd\xf0\x18\xa6\xac\x7f\x05\xb3\xce\x1d\xa7\
\xd3\x82\xaa'\x22\xf3m\xd3\x1e\xc3-\x0f\xad\xc1\xcb7\
z\xc3\xb6\xe9^$P\x92\x84jO\x8fO\x95\xfc\xcc\
\xaa\x9b\xbe\x80\x8c \xc4\xb0\xaf\xabN\x9c\xa6\xd4\xdeT\
\x07\xbf\xc7H\xaf\xe6\xe5\xa6c\xc4\x08q\xc1f\x8f\x97\
\x9f\xb2\xd5\xdaAC\xcd\xcdmF\xc8\xb9\xc9M\xff\xe8\
\xa6\x16~\x14p\xb4\x96\x0fK\xb76\xd3Q\x80\xb7\xcb\
hg\xb7\xd1\xef\xcfL7\xfe\xec\xc2I\xf3\xf0\xde\xcb\
/\x01\xb8C\xf8\x1e |\xeff\xed\xba\xd6\xc6l\x02\
\xd8v\xae\x92\xed\x96CD\x80\x9a\x02\xd6\x11,\xaf\xaa\
\xc7\xf8\x91t\x84UV\xd5\x08\xc9\xdf\x89\xdbW\xae\xc5\
\x9d\xaf\x03\x0b.\x9b\x81Wwl\xc3\x07;\xf6\xe2\xf6\
\xd7\x9cx\xe5\xe7\xe2\xff1\x1e$\xbd\x09\x18\x5c\x98\xc3\
\x08A\xf7P[S\x13\xf1z\xb8\x11A\xe1\xa4y\x9c\
?\xd0\xd8\xe8FYU#\xca\xaa\xe8r\xb8\xbb>-\
\xc3\x94i\x13\x10$*>\xd8\xb1\x17\x7f}}7\xae\
\x9cK\xa7\x9d\xdd\xfa\x87V\xcbg\xc6\x8a\xa4\x17\x00\x16\
\xf1\x08\x81\xd6{\xc31U3\x13\x91|\x01-\x08U\
8L\x16\x84@\xc3\x81\xafK\x04\xda\x80\x81\xb4\xea\xaa\
'\x84\xc0\xda\x04\xd8lA3\x89(\x0a\xd1f\xdc\x02\
\x80\xa28\xe0SD\xf9\xb1\x05\xc5J\x9a\x82\x5c\x1b\xd2\
r\x8d\xf5\xfdU\x22\xe1\xdb:\xb1\xa0R2\xed\xff\x9b\
\x11\x9aw\x90\xed4,Rgh\xd70\xc9\xc6\x9b\x9f\
\xbaZ\xde\xf4\x0c\xc8\xa0\xcf\x1a\x98e\xf8)rh\xbf\
a\x9b\x8d\xf9\xb3\xab:1\xb80\x07\x00e\xd4{/\
\xbf\x84\xabn\xb76\x07\xf1\xc2*xd\x16\x8a!\xc3\
\x87S\xfa\xc9j\xdc\xbe2\xfc&\x15fA\xf8\xeb\xeb\
\xbb\xf1\xc3\x1b.\xc1\x95s\xcf\xc3\x07;\xf6\xeaB\x10\
\xafI\xb0\xcc\x11\x07O\xfe\xf1\x093\xad\xbc\xb2\xf9*\
\x8fW\xd1W\x08\xe9\x0cf\xa3\xd1?D\xb8\xb7\xa4\xf8\
c\x816el\x01\x06\xe7\x19\xd3\xb7\x0fW\xb6a\xf3\
\xc7.\xa1\xdd\xf1\xa3\xa7\xb8\xf3\xeb\xe7\x8d\x02\x00L\x1a\
m\x94\x7fU\xd7S\x1f`w\x89\x9bk{\xac\x8c_\
\xbc\xe9\xdf\xe7\xd3:\xfa\xc9c\x8cI\xa3\x81 \x15\x80\
.\xc5\x10\x9e\x17\xde\xae@\x9d\x8b_s\xd0U\xb2\x1d\
W\xdd~GDg.\x96\xdc@\xb4\xb6\x85\xc3d\xb8\
N\xaa\xb0;\x14\x04\xfci\x5c{\xd2\xb0\x1e\x0bWY\
\x87\x875\x0d\xc0\xa2\xa5\x89w\x08\xdfy\x9c\xe7M\x5c\
\xf5\x00\xc9\x88\xc1\x859\x9c \xbc\xf7\xf2K\x91\xd5w\
\x0cY\xbdhp\x9d\xa4\xe1q\x96\xf9,\xccL\xec\x0d\
\xa4|\x00\x0bD\xb3\xef}\xf5\xfe\xbe@J\x00\x80\x90\
\x0f\xc0\xe3t\x0b\x81y\xae\xc1\xfc\xa5\xfb0\x7f\xa9X\
\x8c\xaa\xb5KtnB\xca\x04D\x00+\x04\xb1\xe4\xfe\
\xcd\xed\x22\xf9\x09Vm\xd9s\xcd\xc4\xdc\xb5\xde\x0f\xc5\
\x1f\xc0\x1dK\xa9cJ\x06\x8d\xc5\x82\x9b\xe86\x0d[\
_]\x03\x95\x5c\x0f\x008PM\x17\xd7\x98\xbf\xf4\x0f\
\x00\x80m\xcf\xf2\xa5\xeb\xe1`)\x00\xdf6a\x8a\x99\
\xf6M\xd3\x90\xdc\x96.\xc3\x1bo\xef\xf2\xa1\xb6Qt\
R\x8a\x0aD\xbb\xf5q\x99\x07\xcd\x1d\xc6\xec]wK\
\x17\xea\xeb\xc4\xd1\xc2\x8b\xbf\xe1\xf7\x9a8TM\xd3\xc3\
\xe5n\xa3~\xb06\x941v\xb7\xf1N\xcf\xfc\x99\xfc\
>\x82\xa3\x0b\xe9\xdc\xfc\xdc~\xc6(\xc0\x1f\x8a3\xc9\
^\xde\x1f\xaas\xb5\xe9Z\xc0\xec\x0b\xc4\x8bX5\x86\
\xc6\xe0HB\x00\x00\x1b\x1e\x9a\x83\xbb\xd7\xec\x02\x00\xdc\
xA6\xa0\xd4b\xeb_~\x86\x9f\xac\xde\x06\xc0`\
\xbc\x86\x857]\x8d\xe2\xbd\xb1\xaff\x9a2\x01\xa7\x11\
\xd3\x17\xdc\xc0\x85\x94\xcd\x8ee\xe1\xa4y\x90\xed\xfa\xe2\
\xacx\xed\x0b\xa3^\xe2\xc5\xd5b\x02kw1\x9d:\
_s\xfcHX\x93aF\xd2\x0b@wz;\x0b\xb3\
\xfaN\xe4>\xed\xdc\xacE\x9e\x7f\xf4^\xec\xdc\xf9\x15\
\x00^\x08\xcc\xbd\x7f\xd0\xa0|\x0c\x1a\x94\x8f\xe1c'\
\xe8?\x1a\xc2\xcd\x11L\xf9\x00\x09 \x16\xfb\x1f\xed\xde\
\xe9\x0bn\xb0\xa4\x9bK\xc8X\x81\xd8\xb9\xf3+\x5cv\
\xd9\xf9\x9c\x10h\x82\xa1\xf8\x03\x98\x7f\xc5E\x00\x80\xf9\
W\x5c\x84\xc6F*\x1c\xaf\x1e\xc9\xc7M\x13\x0e\x84\xfd\
\x1eK\x01\xc8\x1f \x17\x09\xc4\x92\x9a\xac\x8e:\xc3\x8e\
\xb7w\x05\xd1\xdc\x18\x10\x9a\x15f\x0d\x17h\xc1\xa0\x0a\
&\x91\x88L\xa7\x03#\x87\x8b\x1bK\x94\xd7\xf2\xab|\
T\x9d\xa4\xbd\xb3\xa1\xd5\xb0\xf7\x9e\xd0$\xd0l\x07\x1f\
\xac\x9c`*\x82\x18\x14\xdaY4\xd3a\xfc\x89\xee\xd0\
\x5c\xc3C\x95\xfc{\x00C\x13Xi\x84\xde\x1a\x96\xd5\
}kD/#9\x9c\x85\x93\xe6\xe1\xf9G\xef\xc5\xe2\
_=\xad3\xdc\x8c4\x87\x1d;w~\x85\x0d\x0f\xcd\
\x09Q\xb2\x81\xb4\x90?\xd6\x18\xa7\x00$3\x229\x81\
\x91\x1c\xbcX\x85D\xeb\xf9\xfb\xb7\x1a\x13Ib5\x1f\
\xcf?z/\x00`\xf1\xaf\x9e\xc6\x86Gn\xc6\xdd\x8f\
\xfdMhs\xf7\x9a]\x9c\xe3\x08\x00\x1b\x97XL\xd8\
\x0d\xc1R\x002\x9c\xb2\x10P\x96\x82\xed\xf6@\xa7!\
\xb1\xbe.\x02O\xa78;X%c\x04\x1a!i\x00\
1\xb4\x85=-\x0d\xe9\xb9\xe2\xec\xb3\x96\x0eS:\xb8\
\x9d\xf6\xf66&\x1d\x1c\x0c\xd0\x11\x81\xc3\xc6\x9b\xb4A\
\x83\xf8\x15\xb923\xa8{cg\xa6\x86)\xa1\x19F\
\xf5n\xfe=\xb1x\xfe\x89\xc6\x03TB\xbf\xfd\xdc+\
~\xac\xd3\xf6~\xb8\x0a\xc0*\x00\xc0M\xcb\xdf\xc1\xe6\
\xa7W\xc5\x5c@\xe2*\xd9\x8e\x0d\x8f\xdc\x0cY\x1a\xcc\
M.\xb9k\xbd1R\xba{\xcd\xae\x88Lg\x91\xd2\
\x00\xe0\xd5~\x22N\xa1U\x8c@c\xbc\x86}[\xfe\
\x0cB\xca\x00\x00\xfbO\xf0\xc3\xd0E\xf7>\x8e\xcdO\
\xaf\xb2|\x96\xd5\xbb\x86O\xfe!\x0a'\xcd\x8by\xff\
\x81H\xeb\x05&\xfd( V\xf4\x94\x1f`f\xfe/\
\x97]\xc3\x9d\xb3\xd5F\xb1|S\xb8\xef\x92\xf2\x97H\
\xdaO\xa4gXj\x00\x8f'\xe06\xd3\x1cvGf\
\xbf\x9c~z\x1aJJ\x97\x11\xb0\xd8\xfd\xb3`\xe8`\
\x81\xd6I\x1c\xb0w0\xa5Y>\x0f|\x1d\xa2\xec\x9d\
\xac\xe5\x83C\xee\xd0\xae\x22]\x1dFor:\xe8}\
\x05\xf9|IYC+\xdf\xe3\xfc>\xfamN\xa6\x9c\
\xac\xb5S\x9c\x91\xfc\xa3\x9b\xbe\x83\xbf\xbc\xfa\xb5@\xb7\
B\xb8\x04P\xac#\x00\x00\x98>\x8a\x84\x15\x02M\x0b\
\xfc\xe0\xee\x87\xb1\xff\xd3\xd8w2\xd1\xb4\x81i\xb9:\
\x02D_26e\x02\xba\x81p\xd1<+h\xea?\
\x1a\x16\xdd\xfb\xb8\xe5sb\x110\xabI\xa7\xd1\x04\xc1\
R\x00\x9a\x9a:\x85\xda\xa6\xcc\x9c\x01\xfd\x87\xa5\x0f\xd0\
\xbb]\x90\xa4c\x84*&Q&\x9e{\x8e@\xcb\xa8\
qsu}\xed--pU\x9e\x10\xda}\xf5\x05_\
\xca\xec\xeb\xa2\xc3\xbf \xb36\xd1Y\xc3\xa8\x7f:e\
r!\xd7\xf6\x88\xa9H4\xc3As\xfevfm\x22\
m\xbf!Y6\xfe\x17l\xef\x8f\xc5\x194\xd7\xf9\xb1\
\xbfcAU\xa3\x8c\xbc~@s\xbb\x18\x97\xf9p\xff\
\x17x\xe9\x15\xfa\xac\x11\xe7\xf0a\xf1\xaa\x1d\x0b!\xe5\
/\xc1\xf4\x057\xe8\xc3\xc7\xc1g\x19\x8bI\x9e\xfc$\
\xb1\x05)R>@7\xa0\x12\x8f\xfe\xb3\xe1\xb5W\x01\
\x00\xfb+\xf6\x08\x0e`$\xfc\xea\x897\x01\x88\xbe\xc0\
\xd4\x0b\xcfG\xf5\xc1-\xfa\x0f\xdb\xbb\x07\x9f\x95\xc71\
\xbf\xf8/\x97F|G$3\x902\x01qB\x9f@\
J<\xa0\xfdG\x1c\x0a\x1f8\xf15\xa61\x9b_\xb8\
\x9b\x1b\x903 \x13U\x8db\x7f{\xf4\xfe\xeb\xb8\xf3\
;n\x9d\x87\xb2\x8az|\xb4\xed+\xfc\xe0\xee\x87u\
\xfa\xfb\x1b\xfe\x13@tf\xb3\x88e\xb5\xf0\x94\x000\
\x885\x16`0\x1f\xf479\x81\xc5\x8b\xbe\x83\x99\xe7\
\xef\xe1\xda\x13\xd2\x09I\xa2\x11\xc9\xb6\x96.\x00b\xf4\
3\x12n\xbc\xfe\x22\xfd\xf8\xfd\x0d\xb1-B\xd5#\xdb\
\xc6e\xe4\xf4\x17F\x01\x9eS\x81@\xab\x97\xd9\xff\x17\
\x0e\xf8d\xb16\xed\xf5\xf7\x8b\x05Z\xcd\xb7\xb5hk\
3\xc2\xafD\xf1\x81\xf8:\x84v\xce,>\x98\x93\x97\
G\xffy\xf64\xe3\xbd$4e\xe1\xf3ox\x9b_\
~\xa2\x91;\x1f=\x82\xfa'\x03r\x8dol\x09\x85\
\x94OT\x09\x7f^T\xd4\x1c~7t\x14b<\x11\
}\x98iE\xf4\xfb\x0fT\xd2\xe7k\xcc\xcf\xcd\xcb\x87\
\xbb\x99\xc6\xe6\x9b\xdaT\x0c\xcc\x91\x91\xd7\x8f\xf2I\xf3\
\x05\x8a\xcb\x5c8k\xa8\xf1\xf7_>\xff|\xe4\xe7\x1b\
\xb5\x90\x9a6`\xc7\xfe\x9a\x9fP}p\x8b.\x18\xbd\
\xb7m\x5c\x12\x83\xf6|F}[0\xbf\xa6\x91F\xe2\
\xcaB\x8b]~\xb8\xbf\x0e\xdf\x9f\xce\x0f\x895\xe6s\
\xcfn\x10\xb5\xce\xf8\xd1\x05(\xab0V]\xdf\xba\xf3\
0\x0e}\xfe\x15\xaa\x0fn\x01\x00\xdc\xfb\xe4\x8b\x00\x80\
\xbd_&\xb6\xd9\x05\x8b\x94\x00D\x01\x8d\xeay\x00\xa8\
\x00\xa9\x8a\xd8\xb6\xcc\xb4\xd2\xe9\x87\xfb\x8d\xb9\x86\x05\x16\
\xbb\xaaG\xc2\xf8\xd1\x05\x02m\xc49W\xe0\xba[\x17\
\xe9\xe7\x999Nt\xb5\x85\x9f\x1e\x16\x0bR\x02\x90 \
j\x1a\xfd(sy0\xbe\x90.\xa6af~84\
\xb5Q\xa7q\xbf\xa9\x04\xde\x0c\xa7d\x83\x97\x04\xb1u\
'\xed\xe5,\xe3\xf7~y\x18\xd5\xa5%\x98v\xe1L\
 G4\xc3\xf1\xc0R\x00l\x12\x11VO\xce\xcd\xc0\
\x18\xbb\x0d\xbaQJO'g9\x9d]\x17\x99\xdb\x05\
Z\xea\x84\x19\x89\xadh\x86/h\xfc\x83\xd2\xed\x12r\
\xb2\xc5(\xe2\xa1J~\xf8\x14\x0cm\xf3&I\x86\x0f\
`\x0b\x8d\xeb\x1d\x99\xbc*\x1d4\x88\x9f\xa8\xaa\xf9\xe6\
\xed]F\x92\xc4\xe3\xd3\xb6\x92\x8b>\xfa5z>\xb8\
\x9e\xbf\xe3\xa0[g: 2\xde\xaf\xd2w\x14\xe4d\
\xa3\xbeM\xf4s\xc21\xbe\xa4\xb4\x06%\xa5\xd6S\xcb\
\x0e|\xc3\xcf \xb6g:)\xf3\x01\xa4\xcbi\xfaq\
\x22Hi\x80\x10\xbe\xf8\xf8)\x81V\xd3@k\xeb\x86\
\x0fr\xe86\xde\x8c\x13.\xde\x19\x1d6\x84\xc6\xca\xcc\
\x8c6\x87\xb9\xb9w\x17\x8b3\x81sB\xfb*\x9a\x99\
\x0f\x00\xe5\xfb\x8a\x05\xa6/\x5cU\x9b\xd0<\x02K\x01\
\xe8\xaf\x04\xf7\x98i\x17NK\xab\x02\x91\xf5H\xa0\xb7\
C\x99\xec'\xbe\x91\xe6v\x87\x0f\x8bN\x8d\x03\x1dH\
c\x82#\xe9\xb2\x1d\xb9\x99\xe2\xd4r5\xc8\x17y(\
\xaavnh\x00;\xa1\x0en\x9a\xca\x8f\xbf\xb32\xf9\
\xf4'\x09\xe9\x00?\xb3\xd0\xb4\xa2h\xcf1\x9cd+\
\xc6\x9b\xc12\x9f\xed\xfdf\xe6\x03\x91\x19m\x86\x99\xf1\
'\xca\xbf\x0d\xdb6\x10\x8a\x8a\xea\xaa\xbf\x87\x90\xf4\x1a\
\xe0\x82K\x97\x03\xb0\x0e\xe7n\xfc`k\xb7\x9e\xfd\xe0\
]\xab1d,\x9d\xa26j\xd2h\xcb6\x05\x85\xb4\
\xd7\x86c~\xf9>qX\xad\xe1\xc0\xe7F\xe8\xbcj\
\xc7B\xfd\xb8\xdb[\xc7&#\xac\x92-\xab\xef\xff\xbd\
.\x18V\xc2p\xd7\x95\x0b\xf4\xe3\xa9\xb3o\x86\xab\xa2\
\x12\x85\xa3\x8b\xb86\x87?\xfe3\x00`\xc0\xe0\xe5\x1c\
}\xf7k\x86\xe6\xb9\xe4\xc6\xe5\xd8\xfd\xdaS\xb8\xfa\xee\
G\x84wD\xea\xed\xec5v\x1ea<\xa6\xc0R\x00\
\xa4q\xcd\xe2\xec\xe0Sy]H\x97t}\xaa\x80x\
\x83\xaa*\xac\x10Q\xef\x16S\xae\xad\x9dA\xb4{\x98\
\xb5\x82\x15\x09\xaa*\xc6\xcb\xb3\xb3x\xb3P8\x84\xfa\
\x9c\xd9\xd9\x86\xda\xf5\xfa\xa8:ni\xe7\xeb\xfa\x5c'\
\xf9\xe5]4gQ\x9b\x11\x0c\x00\x9e\xd07x\xbdb\
-c8h\x82\xc12;\x12\x5c\x15\x95x\xe4\xd9U\
(9t\x02\x1b\x1e\xfe\x9b\x9e<b\x19n\x86v\xed\
\xdd\x0dt\x1d\xa0H\x13C5\xe6\x8e\x9c\xfbN\x84\xaf\
X\x18\xe1\x1a\x8f\x94\x06\x88\x11\x91R\xbeSg\xdf\x0c\
\x00\x187s\x06\x8e}YlyO,\x13A\xd8\xe7\
\xbe\xf3\xf8\x10A\x08\xd8\x9e\xcd\xaa\xfc\xee \xae\xb81\
\x8b\xfa\x8a?~O&d\xb5\x99\xbe|]\xe9\xa5f\
Zmm\x07::\x0dG\x8a\xee4#\xbe\xfa\x9cq\
\xbcO\xb9\xf0J:\xca\x9cp\xb6Q\xf1{\xfc\x04\x9d\
V\xbe\xedc\xde6\xbe\xfe\xea\x07\xdcyF6\x0d\xbc\
\xd8\x99\x9dJ\x02!\x87\xb0\xab\xcbp\x0cU5\xfe\xa5\
\xe3\xad\x04\xe0\xce\xe5?\xe2h%\x87N\xe0\xdd\xbf\xbd\
\x15\xd3\xb3\xac\x84@\x0b\xedjB\x10\x8fZO\x85\x82\
{\x19lM\xc0\xd4\xd97\xa3h\xdad,\xbbf4\
\x80B\x1c\xaf\xa5k\x0a|\x7f\xd6\x08\xdcw\xe7\xf7\xb0\
\xf1\x8d\xbdxb\xe9\xeda\x0b:\xc2\xad\x1b\x14n\xe3\
\x89x\x93=\xd1\x90\xaa\x07H\x00\xae\x92\xed\xb8z\x19\
\xad\xdc)\x9a6\x19\xf3\xe6N\x8f\xd8\xfe\xfeg_\x8e\
\xfb\x1dZ\xbd\x9f\xc5\x86\x13=\xba\xdbEJ\x03\xc4\x09\
\x8d\xf9\xf3\xe6N\xc7\xbc\xb9\xef\x03\x00\x96]s\x09\x00\
\x97\xde\xfb\xc3\xdd\x97haiomC\x03tC\x00\
\x8e\x1c\xa9-AZ\xdaj3\xfd\xe7\xd7\x0f\xfb\xb9\x99\
V\xdf\xe2\x9b\xe6\xf5\x13\xdd\x88\x11d\xc9\x92\xbd@(\
\x5c\xbfp6\x1fY\xaei\xa0A\x95\x9a\x16\xc3\xe3W\
3\xa8m\x9f\xfe]\xbe\xad\xe2\xe4\x17\xae\xfe\xb6\x8a\x86\
U\xdb\xdcF`\xaa\xad\x95\xa6i;+\xd9\x90k\xec\
\xff\x02\x8d\xf9o?\xb3\x0c\x80\xb8\xc4M8\x94\x95\x9d\
\x8c\xde(\x0c\xd8\xf9\x00Z=@\xbc)\xdfHHi\
\x800p\x95l\xc7\x03\xcf\xbc\x84\xdf\xfd\xccX0*\
<\xf3]8^\xcb\x0f\x7f?d\xd6\x17\x1a?~\x18\
*\xe7\xdf\x86\xa2Q!g\xd6\xe1\xc0\xbb\xebV\x09=\
\xfa\xae\xff\xa65\x03\x1b\x7f\x9ao\xf1EF\xe5PO\
\xfa\x01)\x01\x88\x82\x07\x9e\xa1K\xc7\x95\x1esq\xcc\
g\x19>v\x88\xf1o\xfc\xd0ba\xa9\xad\xef|\xa2\
3\x7f\xde\xf7ga\xfb\x8e\xfd\xb8z\xd9\xe3B\x85\x8f\
\x15\xe35f\xc7Z\xe6\x1d/R\x02`\x01\xad\xf7\x03\
\x94\xf1\x00\xc22\x9f=\xd7\x98\xffmM=w\xbdh\
\xd4\x08\x94\x1f;\x8c1\xe3\xe8\x9e\x06\xf3\xe6N\x0f+\
\x04\x1a\xcc\x8c\xeei\xc6kH\x09\x80\x09\xe61\xfe\xc4\
q\x85(=\xe6\xc2\x03\xcf\xbd\x89\xdf\xdds\x01wm\
\xe3\x1b\xfc\xa6\x17g\x0d7\x8a8\xac\xec~\xf9\xb1\xc3\
\x80\xc3p}*\xcb\x8eG\x14\x82\xbe@\xc2R\xf5\xc1\
\x07\xcb\xd2\xb3\x91-L\x0c\x185r\xd0\x0bfZs\
\x1b&x\x03D\xf7\xd2\xfc$\xdd\xd1\x1e\xe8/\x94\xc8\
xL\x8bO7\xb7\xd2|:\xbb\x86\xb0/@GA\
\xed^>\x1b\xe8n\xe4\x17K\xa8\xa9\xa1\x01\x946&\
d\xdc\xd5I\x8f\x9b\xea\x8d\xfa\xc1\xb6\xf6\xc8#\xe1\xfe\
Cr1f2?\xcc\x1b?~XX\xc7\xae\xfc\xf0\
~\x8c\x99<\x9d\xff\x1d\xea\xf9\xe5\xc7hq\x87vn\
\xc6\xbb\x1b\x1e\xeb\xf5q\xbf\x19=\xfe\xf0\x96\x8auB\
\x90\xba\xa9C\x1a\x1b 6}\xc5\xc6.\x9f=\xbd\xd1\
k\xaa\x00\x05PR\xc1\xa7R\xdbB\x05\x15~\x9f!\
\x00\x81 \x15\x80.Sz\xde\xa6\xf0\xc5\x175.\xaa\
\x86\xdb\xdb\x8d\x15I\xbd\x1e\x9aRu\xb7\x1ai\xdc\x13\
\x07\xabp\xe4\xe8\x9f\x00\x00\x85\x05\x17\xd2\xdf\xa6)`\
\x93.\xbb^\x10\x02\x00\x1cs9zH\xdd\xb3j\xdf\
\x8c\xca\x13\xd5\x86S\x18:gq\xf0\xaf4\xd1\xd3\xdb\
\x02\x90\xf4&\xa0\xad\xf5\x98\xcex\x0d\xecj\x1d\xae\x92\
\xed(\xd9\xf9\x86~\xadd\xe7\x1b\x98t\xd9\xf5\x11\x9f\
\xa91=\x1c\xf3\x01\x83\xc1\x06\xc4Poo3\x1fH\
\x09\x00\xbe{\xdd\x8d\x00\x80\xf2#M\x96\xd7\xb5q\xb8\
&\x04S\xe7\xdf\xc6]g{\xae\xb9G\x17\x8d\x1a!\
\xf4\xec\xa0\xd2\x8e\xc3\xaf\xcd\x8d\xfa]}\xc1|\xa0W\
\x04\x80\xec6S$Y\xaa\x90\x98-\xe9e\x99d:\
dU\x18\xf3d9L\xc5z\x19\x92\x0c\x00\x8aM\xd2\
\xe9\x04d\x00}\xa6\xca\xadD\xd1\xdc\x14\xe0R\xd8\x03\
\xb2i\xea:]6V\x92\xf0\x85\x12CN\xc9(\xa4\
\xf4\x00\x82)\xb2\x82\xa6\x0d\x0em\xdb\x04\xd2\xb0>\x06\
\xc7m\x88\xe9\xb7\x88\xbebr$\xf4\xc9\x07\x10\xf2h\
\x1a0\xd9`bmc\x7f\xd8\xd5Q\xc2\xc7\x98w\xa0\
 t\xe6\x09\x91T]P]\xf5\x9e\xf3\x00\xa0\xb5#\
\xf0S\xb6\xe9\xae\xbdu\x5c\x81A \x10\xf4\x02\x80\xaa\
\xeaue\x08\x86\xb2\x81\xacS\xb9qs\x95\xb8\xcf]\
\x04XU\x0e%\xe2\xc1\x9f\x09\xcc\x07R& nD\
Z\x90\xc1\x8an\x95\xbc9S\x98\x0f\xa4\x04\x00'?\
\xb9.z\xa3n\xe0Lb\xb6\x15\x92^\x00\x22\x85Z\
\xa3\xa5^\xcft\xe6\xa6\x90B\x0a)\xa4\x90B\x0a)\
\xa4\x90\x82%\xfe\x0f8E\xa9\xa5\x99\x9f\xc2\xc0\x00\x00\
\x00\x00IEND\xaeB`\x82\
\x00\x00\x02\xb5\
<\
svg xmlns=\x22http:\
//www.w3.org/200\
0/svg\x22  viewBox=\
\x220 0 48 48\x22 widt\
h=\x2248px\x22 height=\
\x2248px\x22><path fil\
l=\x22#388e3c\x22 d=\x22M\
39.5,42h-9c-1,0-\
1.9-0.6-2.3-1.5c\
-0.4-0.9-0.2-2,0\
.5-2.7l8.3-8.3v-\
3.9L21.3,41.3 c-\
0.5,0.5-1.1,0.7-\
1.8,0.7h-11c-1,0\
-1.9-0.6-2.3-1.5\
c-0.4-0.9-0.2-2,\
0.5-2.7L33.5,11h\
-3.9L10.3,30.3c-\
0.7,0.7-1.8,0.9-\
2.7,0.5 C6.6,30.\
4,6,29.5,6,28.5v\
-11c0-0.7,0.3-1.\
3,0.7-1.8l4.7-4.\
7h-3C7.1,11,6,9.\
9,6,8.5S7.1,6,8.\
5,6h9c1,0,1.9,0.\
6,2.3,1.5 c0.4,0\
.9,0.2,2-0.5,2.7\
L11,18.5v3.9L26.\
7,6.7C27.2,6.3,2\
7.8,6,28.5,6h11c\
1,0,1.9,0.6,2.3,\
1.5c0.4,0.9,0.2,\
2-0.5,2.7L14.5,3\
7h3.9 l19.3-19.3\
c0.7-0.7,1.8-0.9\
,2.7-0.5c0.9,0.4\
,1.5,1.3,1.5,2.3\
v11c0,0.7-0.3,1.\
3-0.7,1.8L36.5,3\
7h3c1.4,0,2.5,1.\
1,2.5,2.5 S40.9,\
42,39.5,42z\x22/></\
svg>\
\x00\x00\x00\x16\
<\
\xb8d\x18\xca\xef\x9c\x95\xcd!\x1c\xbf`\xa1\xbd\xdd\xa7\
\x00\x00\x00\x01C\
"

qt_resource_name = b"\
\x00\x03\
\x00\x00hp\
\x00a\
\x00p\x00p\
\x00\x04\
\x00\x06\xc4\xee\
\x00i\
\x001\x008\x00n\
\x00\x06\
\x07\x03}\xc3\
\x00i\
\x00m\x00a\x00g\x00e\x00s\
\x00\x08\
\x05\xe2Y'\
\x00l\
\x00o\x00g\x00o\x00.\x00p\x00n\x00g\
\x00\x04\
\x00\x075\xdf\
\x00l\
\x00o\x00g\x00o\
\x00\x08\
\x05\xe2A\xff\
\x00l\
\x00o\x00g\x00o\x00.\x00i\x00c\x00o\
\x00\x0a\
\x06\xb3\x00G\
\x00F\
\x00F\x00m\x00p\x00e\x00g\x00.\x00s\x00v\x00g\
\x00\x0c\
\x01DL\xdd\
\x00a\
\x00p\x00p\x00.\x00e\x00n\x00_\x00U\x00S\x00.\x00q\x00m\
"

qt_resource_struct = b"\
\x00\x00\x00\x00\x00\x02\x00\x00\x00\x01\x00\x00\x00\x01\
\x00\x00\x00\x00\x00\x00\x00\x00\
\x00\x00\x00\x00\x00\x02\x00\x00\x00\x02\x00\x00\x00\x02\
\x00\x00\x00\x00\x00\x00\x00\x00\
\x00\x00\x00\x0c\x00\x02\x00\x00\x00\x01\x00\x00\x00\x08\
\x00\x00\x00\x00\x00\x00\x00\x00\
\x00\x00\x00\x1a\x00\x02\x00\x00\x00\x03\x00\x00\x00\x04\
\x00\x00\x00\x00\x00\x00\x00\x00\
\x00\x00\x00B\x00\x02\x00\x00\x00\x01\x00\x00\x00\x07\
\x00\x00\x00\x00\x00\x00\x00\x00\
\x00\x00\x00P\x00\x00\x00\x00\x00\x01\x00\x00aW\
\x00\x00\x01\x9e\xfd(\xdf\x08\
\x00\x00\x00,\x00\x00\x00\x00\x00\x01\x00\x00\x00\x00\
\x00\x00\x01\x9e\xfd$\xb1\x9f\
\x00\x00\x00f\x00\x00\x00\x00\x00\x01\x00\x00\x80\xd6\
\x00\x00\x01\x98\x8f\xf4\x96r\
\x00\x00\x00\x80\x00\x00\x00\x00\x00\x01\x00\x00\x83\x8f\
\x00\x00\x01\x9f\x01\xdf\xe2\x86\
"

def qInitResources():
    QtCore.qRegisterResourceData(0x03, qt_resource_struct, qt_resource_name, qt_resource_data)

def qCleanupResources():
    QtCore.qUnregisterResourceData(0x03, qt_resource_struct, qt_resource_name, qt_resource_data)

qInitResources()
